strategy_id,skill,oos_sharpe,family,arena_id,is_sharpe_tercile
S00005,0,-1.312,meanrev,A127,low
S00006,0,1.0332,meanrev,A107,mid
S00013,1,2.8549,meanrev,A035,high
S00015,1,-0.5906,breakout,A128,high
S00017,1,1.6114,trend,A099,high
S00018,0,0.982,voltimer,A089,high
S00021,0,0.3237,voltimer,A008,high
S00022,0,0.4696,trend,A078,low
S00026,0,2.1563,meanrev,A156,low
S00028,1,-0.0063,breakout,A121,low
S00029,1,0.8333,voltimer,A019,high
S00030,0,-1.5036,breakout,A147,mid
S00031,0,0.0363,voltimer,A121,low
S00034,1,0.1861,breakout,A147,mid
S00037,0,1.127,meanrev,A056,mid
S00043,0,0.1574,trend,A112,mid
S00045,0,-0.7055,meanrev,A107,low
S00047,1,1.3078,trend,A022,high
S00048,1,0.4094,meanrev,A118,high
S00051,0,-0.2955,meanrev,A032,low
S00058,0,-1.1062,meanrev,A007,low
S00061,1,0.9927,breakout,A014,high
S00062,0,0.7952,trend,A072,low
S00067,1,-0.0345,trend,A130,mid
S00068,1,0.7302,trend,A112,mid
S00069,0,-0.1639,breakout,A130,low
S00073,0,-1.3902,meanrev,A132,mid
S00075,0,0.3107,breakout,A032,low
S00078,1,0.7556,breakout,A117,high
S00080,0,0.7968,voltimer,A154,high
S00081,1,-0.6666,trend,A053,low
S00084,0,0.3008,meanrev,A084,low
S00085,0,-1.9884,meanrev,A053,low
S00088,1,0.8616,trend,A123,low
S00092,1,0.5719,voltimer,A154,high
S00096,1,1.0979,breakout,A149,mid
S00100,0,-0.6029,meanrev,A056,low
S00102,1,4.0271,voltimer,A089,high
S00103,0,1.1487,meanrev,A089,low
S00104,1,1.3684,trend,A007,high
S00107,0,-0.2302,trend,A130,mid
S00113,0,-0.4702,meanrev,A149,low
S00114,1,0.2951,meanrev,A032,high
S00115,0,-0.6818,voltimer,A130,low
S00116,0,1.3516,breakout,A012,low
S00118,0,-1.8819,meanrev,A127,low
S00121,1,0.6745,meanrev,A112,low
S00124,0,-1.3846,meanrev,A036,low
S00129,1,1.1217,trend,A118,high
S00131,1,1.0437,breakout,A029,high
S00133,0,-1.9653,trend,A056,low
S00135,0,-1.9969,voltimer,A149,mid
S00142,0,-2.0461,meanrev,A132,low
S00144,1,1.7368,trend,A036,high
S00150,0,-0.0642,meanrev,A005,mid
S00154,1,2.2654,voltimer,A118,high
S00155,1,1.4976,breakout,A014,high
S00156,1,-0.4072,trend,A043,mid
S00158,1,1.891,voltimer,A080,high
S00159,1,0.8163,breakout,A107,mid
S00160,1,0.9034,trend,A132,high
S00161,0,-1.2363,breakout,A137,low
S00162,1,1.8975,trend,A016,low
S00166,0,-0.7871,breakout,A059,low
S00168,1,1.6639,voltimer,A006,high
S00170,1,-1.201,breakout,A137,mid
S00176,0,2.8533,meanrev,A006,mid
S00179,1,0.7652,voltimer,A022,mid
S00182,0,0.5478,voltimer,A038,mid
S00183,0,1.6205,voltimer,A031,high
S00185,1,1.4293,voltimer,A035,low
S00186,1,0.569,meanrev,A056,high
S00193,1,-0.9158,voltimer,A128,mid
S00194,0,1.5985,voltimer,A011,mid
S00195,1,-1.3674,trend,A147,high
S00196,1,0.9463,breakout,A008,mid
S00208,1,-0.3551,voltimer,A035,high
S00210,1,0.0427,voltimer,A005,high
S00212,0,-0.3023,meanrev,A089,mid
S00213,1,-0.4174,trend,A137,mid
S00214,1,-0.124,meanrev,A104,high
S00218,1,-1.6632,breakout,A147,high
S00219,0,-0.2492,trend,A123,low
S00224,0,1.7411,breakout,A011,mid
S00225,0,2.3336,meanrev,A035,mid
S00226,1,-0.2294,trend,A053,low
S00227,1,0.6701,meanrev,A058,high
S00228,0,-1.2373,breakout,A157,mid
S00231,1,1.6238,voltimer,A088,high
S00232,0,0.1854,breakout,A022,low
S00245,1,-1.9229,meanrev,A036,mid
S00250,1,-0.7642,trend,A035,mid
S00254,0,0.095,voltimer,A019,high
S00255,0,0.9992,breakout,A058,high
S00257,1,0.9516,trend,A032,mid
S00263,1,-0.6258,trend,A056,high
S00266,0,0.7961,voltimer,A136,mid
S00277,0,0.6636,trend,A099,mid
S00278,0,1.0377,trend,A084,low
S00280,0,-0.1777,breakout,A008,low
S00281,0,0.1543,voltimer,A047,low
S00283,1,-0.0154,voltimer,A112,high
S00284,1,0.9846,voltimer,A117,mid
S00285,0,-0.2148,meanrev,A152,low
S00287,0,-0.183,trend,A099,mid
S00288,0,-1.0383,meanrev,A007,low
S00289,0,0.4673,trend,A014,mid
S00290,1,1.6399,meanrev,A008,high
S00292,1,0.8275,trend,A036,high
S00296,0,-0.7601,trend,A076,low
S00299,0,2.2701,voltimer,A045,mid
S00304,1,-1.6547,voltimer,A128,high
S00305,0,0.4218,meanrev,A102,low
S00306,1,-0.3875,breakout,A133,high
S00309,1,1.012,breakout,A047,high
S00312,1,0.0257,breakout,A128,mid
S00314,1,1.2454,breakout,A047,low
S00315,0,-0.5046,trend,A157,mid
S00317,0,1.0009,voltimer,A058,high
S00318,1,-2.0159,meanrev,A132,mid
S00319,1,-0.3215,trend,A012,high
S00321,0,-1.1885,trend,A059,mid
S00323,1,2.3902,meanrev,A146,mid
S00325,1,-0.5379,breakout,A147,low
S00326,0,0.4638,meanrev,A120,low
S00329,1,1.1645,breakout,A107,high
S00330,0,0.2236,trend,A019,high
S00332,1,-1.1444,breakout,A096,high
S00335,0,-0.1328,breakout,A005,low
S00337,0,1.3372,trend,A067,mid
S00339,0,-0.8034,meanrev,A127,low
S00340,1,0.7024,trend,A145,high
S00342,1,1.3775,trend,A104,mid
S00343,1,2.1033,meanrev,A089,high
S00344,1,0.6663,trend,A099,high
S00345,1,-0.213,breakout,A104,high
S00349,0,-0.2927,breakout,A034,low
S00350,0,-0.9074,trend,A127,high
S00352,0,0.1069,breakout,A137,low
S00354,0,-0.5047,voltimer,A043,high
S00357,0,0.983,trend,A078,low
S00358,1,0.925,trend,A078,mid
S00361,1,2.8303,voltimer,A011,low
S00366,0,-1.0167,voltimer,A136,mid
S00368,0,1.9968,voltimer,A011,low
S00370,1,0.8837,trend,A099,mid
S00374,0,-1.257,trend,A149,mid
S00375,0,0.229,trend,A047,low
S00381,0,1.5862,trend,A016,low
S00382,0,0.1298,breakout,A104,low
S00383,1,0.0997,breakout,A104,low
S00386,0,3.1608,voltimer,A029,high
S00388,0,-0.2133,meanrev,A038,low
S00389,0,0.8642,trend,A104,low
S00390,1,3.8182,meanrev,A133,mid
S00391,0,0.8247,meanrev,A034,mid
S00392,0,0.1652,voltimer,A038,high
S00398,1,1.3782,voltimer,A031,high
S00400,1,1.2939,voltimer,A147,high
S00401,0,0.7794,trend,A099,mid
S00403,0,0.9588,meanrev,A146,low
S00405,0,-0.3153,trend,A099,mid
S00408,0,-0.3972,breakout,A014,low
S00409,0,-0.5575,meanrev,A062,high
S00410,1,2.2996,meanrev,A029,high
S00413,0,1.2331,trend,A058,mid
S00416,1,0.1594,trend,A149,mid
S00417,1,0.2404,meanrev,A130,high
S00423,0,-1.0829,meanrev,A147,low
S00426,0,-1.4026,breakout,A008,low
S00431,0,-1.3776,breakout,A152,mid
S00432,1,1.0145,meanrev,A156,high
S00435,0,0.5162,voltimer,A078,mid
S00438,1,0.9741,trend,A080,mid
S00444,1,2.819,voltimer,A104,mid
S00446,1,1.9456,meanrev,A154,high
S00447,0,0.2807,voltimer,A032,high
S00449,0,0.6132,trend,A038,mid
S00451,0,-3.9255,voltimer,A149,mid
S00454,1,0.2653,meanrev,A132,high
S00455,0,-0.6629,voltimer,A036,high
S00456,0,-0.868,meanrev,A107,low
S00460,0,0.9794,trend,A133,low
S00461,0,3.5072,voltimer,A099,mid
S00462,0,-1.1444,breakout,A096,mid
S00463,0,0.0,breakout,A121,low
S00464,0,-0.1701,meanrev,A008,mid
S00467,0,1.127,meanrev,A056,mid
S00468,0,-0.0043,trend,A065,low
S00469,0,0.1354,voltimer,A078,high
S00471,1,-1.0618,meanrev,A127,high
S00475,0,0.0869,trend,A047,low
S00477,0,0.0832,trend,A127,high
S00479,1,1.0587,meanrev,A019,high
S00482,1,1.636,meanrev,A006,high
S00483,1,-1.5168,trend,A137,high
S00484,0,1.1656,breakout,A029,mid
S00485,0,0.2519,breakout,A104,low
S00487,0,-0.404,breakout,A121,low
S00490,1,-3.1307,meanrev,A128,high
S00494,1,1.0263,trend,A084,mid
S00496,1,0.9947,breakout,A031,high
S00498,0,0.2805,trend,A007,mid
S00499,1,3.3853,meanrev,A146,mid
S00503,1,-0.4938,breakout,A059,high
S00509,0,-0.1493,voltimer,A128,low
S00510,0,-0.4519,voltimer,A005,low
S00513,0,1.7732,breakout,A031,high
S00514,1,1.7758,breakout,A038,high
S00516,0,1.2574,voltimer,A073,low
S00520,0,1.3486,meanrev,A099,low
S00522,1,3.857,voltimer,A073,high
S00524,0,1.1325,meanrev,A118,mid
S00525,0,-0.2854,breakout,A014,high
S00528,0,2.078,voltimer,A084,mid
S00531,0,-0.3276,trend,A076,low
S00532,0,-0.5645,meanrev,A008,mid
S00537,1,1.2246,voltimer,A073,low
S00538,0,-3.2745,meanrev,A128,high
S00540,0,-0.0584,trend,A014,mid
S00549,0,-2.004,meanrev,A031,low
S00554,1,-0.6536,meanrev,A031,mid
S00555,0,1.0097,breakout,A065,low
S00556,1,1.6271,trend,A058,high
S00558,1,-0.8486,voltimer,A127,high
S00559,0,0.9992,breakout,A058,high
S00564,1,1.9708,meanrev,A130,high
S00565,0,-1.6726,breakout,A088,low
S00566,1,1.4877,meanrev,A056,high
S00573,1,0.1953,voltimer,A032,high
S00575,0,0.115,trend,A117,low
S00576,0,0.9884,meanrev,A099,low
S00578,1,3.3514,meanrev,A006,high
S00579,0,-2.3595,meanrev,A038,low
S00582,0,0.2473,trend,A128,low
S00583,0,0.9901,trend,A073,low
S00586,1,2.3867,voltimer,A117,low
S00587,1,3.5503,breakout,A045,low
S00589,0,1.2961,trend,A119,low
S00591,0,-0.1252,voltimer,A022,high
S00592,1,-0.0063,trend,A038,high
S00595,0,-1.3375,voltimer,A157,high
S00597,0,1.3793,breakout,A031,high
S00598,0,-0.6328,meanrev,A156,low
S00600,0,1.3113,trend,A034,low
S00605,0,0.3197,meanrev,A008,mid
S00606,0,0.9102,meanrev,A089,low
S00607,0,1.9688,voltimer,A005,high
S00608,0,0.995,meanrev,A076,mid
S00610,1,0.2336,meanrev,A019,high
S00611,1,-0.3043,meanrev,A130,high
S00614,1,2.2201,voltimer,A133,high
S00616,1,0.2435,meanrev,A118,high
S00620,0,0.0526,breakout,A062,mid
S00621,0,0.6924,meanrev,A136,low
S00622,0,-0.1344,breakout,A147,low
S00625,0,1.6251,trend,A089,high
S00626,1,-0.0293,voltimer,A154,high
S00627,0,0.54,breakout,A118,high
S00631,1,0.1424,meanrev,A031,mid
S00634,1,0.7001,trend,A034,high
S00635,0,0.2011,meanrev,A157,high
S00639,0,0.7882,trend,A119,low
S00640,0,0.8364,meanrev,A118,mid
S00641,1,-0.5312,meanrev,A012,high
S00645,1,0.3413,meanrev,A089,high
S00646,0,2.6467,voltimer,A011,mid
S00647,1,-0.5356,trend,A121,low
S00648,0,2.3118,voltimer,A089,high
S00650,1,1.6251,breakout,A034,mid
S00652,1,0.6798,breakout,A130,mid
S00659,0,0.9913,trend,A073,low
S00661,0,-1.1704,trend,A127,high
S00662,0,0.0647,breakout,A022,mid
S00665,0,-0.3023,meanrev,A089,mid
S00667,0,-1.5165,trend,A031,mid
S00668,0,-0.5644,meanrev,A043,low
S00671,0,1.5595,trend,A058,high
S00679,1,2.6807,voltimer,A029,high
S00683,0,-3.2716,meanrev,A128,mid
S00691,0,-1.8414,meanrev,A132,mid
S00696,1,1.0781,meanrev,A156,high
S00698,1,1.4172,breakout,A136,mid
S00699,1,2.1951,meanrev,A022,mid
S00701,0,-0.6843,trend,A152,high
S00706,0,0.9408,trend,A145,mid
S00707,0,-0.9669,meanrev,A058,mid
S00708,0,0.5582,meanrev,A019,mid
S00710,0,-0.2888,trend,A007,high
S00711,0,0.9034,meanrev,A130,mid
S00716,1,1.8352,breakout,A029,high
S00726,1,1.6501,voltimer,A034,high
S00727,0,0.323,voltimer,A036,mid
S00730,0,-0.1328,breakout,A005,low
S00732,1,0.954,breakout,A123,low
S00735,0,-0.7822,trend,A005,mid
S00742,0,-0.5053,voltimer,A005,high
S00744,0,0.3751,trend,A080,low
S00745,1,-0.6935,voltimer,A121,high
S00747,1,1.2556,breakout,A088,high
S00748,0,-0.3807,trend,A035,mid
S00749,0,1.1932,meanrev,A065,mid
S00750,1,1.1226,breakout,A119,mid
S00751,1,0.4339,voltimer,A056,high
S00752,0,-2.4325,voltimer,A059,high
S00754,1,1.4006,trend,A089,high
S00759,0,-0.2121,trend,A120,mid
S00761,0,1.773,trend,A016,low
S00762,1,0.4273,meanrev,A032,mid
S00763,1,-0.6956,meanrev,A057,mid
S00764,0,-1.6786,trend,A137,mid
S00767,0,1.6666,breakout,A016,low
S00768,1,0.1957,voltimer,A152,high
S00770,0,-1.0193,trend,A057,low
S00771,0,0.8837,trend,A145,mid
S00773,1,1.2094,breakout,A154,mid
S00774,0,-0.254,trend,A107,mid
S00777,0,0.3898,meanrev,A029,mid
S00778,0,-0.5979,meanrev,A107,mid
S00779,0,0.8268,voltimer,A059,high
S00781,0,-0.5379,breakout,A147,low
S00786,0,1.8041,voltimer,A072,mid
S00787,0,0.2792,meanrev,A089,low
S00789,1,-0.3716,meanrev,A107,high
S00794,0,-0.3104,voltimer,A147,high
S00797,0,0.929,trend,A067,mid
S00799,0,0.6367,breakout,A067,low
S00801,0,-0.4705,trend,A056,low
S00803,1,2.2273,meanrev,A058,high
S00804,0,-0.5763,meanrev,A059,mid
S00811,1,-1.2688,trend,A031,high
S00816,0,-0.5693,voltimer,A157,high
S00817,1,-0.6704,breakout,A005,high
S00819,1,1.8338,breakout,A072,high
S00822,1,1.0642,voltimer,A137,high
S00823,0,0.7165,trend,A029,mid
S00825,0,-3.3274,voltimer,A107,low
S00827,1,0.4147,trend,A014,mid
S00828,0,1.121,trend,A032,mid
S00830,0,1.1369,meanrev,A034,mid
S00831,0,-0.9345,breakout,A157,low
S00833,0,1.5888,meanrev,A099,low
S00834,0,-1.1711,breakout,A088,low
S00840,1,3.4174,voltimer,A088,high
S00843,0,1.6906,trend,A089,high
S00845,0,1.1612,voltimer,A088,high
S00846,0,2.0603,voltimer,A073,low
S00853,1,1.37,breakout,A011,mid
S00856,1,-0.1737,trend,A035,high
S00860,0,1.3488,trend,A102,low
S00865,0,0.6634,breakout,A058,high
S00871,1,0.2015,trend,A056,mid
S00873,1,0.8883,meanrev,A112,low
S00882,0,0.6512,voltimer,A034,mid
S00883,1,-0.8325,voltimer,A062,high
S00885,0,1.7732,breakout,A031,high
S00886,0,-1.5884,meanrev,A080,mid
S00890,0,1.896,voltimer,A104,mid
S00891,0,1.69,trend,A011,low
S00893,0,0.023,meanrev,A043,low
S00900,0,-0.4027,voltimer,A076,high
S00903,1,-0.9016,breakout,A145,mid
S00907,1,1.024,trend,A047,low
S00913,0,1.0377,trend,A084,low
S00914,0,0.3365,voltimer,A125,high
S00916,1,0.916,breakout,A084,high
S00918,0,0.4708,meanrev,A073,mid
S00919,0,0.7417,meanrev,A034,mid
S00920,1,-0.2329,meanrev,A147,mid
S00921,1,-1.1938,meanrev,A057,mid
S00922,0,-0.4986,meanrev,A152,low
S00924,0,0.1218,voltimer,A080,low
S00925,0,1.3794,trend,A034,mid
S00928,0,0.2158,trend,A102,low
S00936,0,0.5138,voltimer,A019,mid
S00937,0,0.9309,voltimer,A047,high
S00940,1,-1.0015,trend,A137,mid
S00941,1,0.9541,meanrev,A149,low
S00942,1,0.3611,trend,A099,high
S00943,0,-1.6637,breakout,A059,low
S00952,0,-1.9194,meanrev,A038,low
S00961,0,0.4297,breakout,A008,low
S00962,0,-0.1832,trend,A147,high
S00966,0,0.1956,trend,A032,mid
S00967,1,0.9277,breakout,A119,low
S00971,0,-1.8473,breakout,A133,low
S00974,0,-1.415,voltimer,A053,low
S00976,0,-0.5066,breakout,A034,low
S00977,1,0.5235,breakout,A057,high
S00978,0,-1.3776,breakout,A152,mid
S00979,1,0.8294,trend,A036,mid
S00989,0,1.4221,trend,A006,low
S00994,1,0.6387,breakout,A120,high
S00995,0,0.5428,breakout,A072,low
S01000,1,1.4093,voltimer,A136,mid
S01002,1,-2.0833,trend,A152,mid
S01005,0,0.554,trend,A136,mid
S01006,0,0.3276,trend,A053,low
S01007,0,0.5672,trend,A073,low
S01008,0,1.344,meanrev,A088,mid
S01009,0,-0.5723,trend,A130,mid
S01010,1,1.0196,meanrev,A014,mid
S01017,0,1.1678,meanrev,A022,mid
S01026,0,-0.3502,meanrev,A058,mid
S01028,0,0.4673,trend,A014,mid
S01030,1,2.5411,meanrev,A080,high
S01033,0,-2.5315,breakout,A145,low
S01034,0,0.4007,voltimer,A118,high
S01037,0,-0.8696,voltimer,A053,high
S01040,1,0.1745,breakout,A133,mid
S01048,1,0.7914,meanrev,A076,high
S01050,1,0.8724,trend,A084,low
S01051,1,0.5445,voltimer,A120,high
S01052,1,0.4272,meanrev,A006,mid
S01054,0,0.1796,meanrev,A123,low
S01058,1,1.7356,voltimer,A073,high
S01059,1,1.0097,breakout,A112,low
S01060,1,3.6934,meanrev,A133,low
S01061,0,-0.801,meanrev,A036,mid
S01063,0,0.2309,meanrev,A058,high
S01068,0,0.6847,voltimer,A132,high
S01069,0,0.7627,trend,A022,high
S01070,0,0.0338,trend,A035,mid
S01079,0,-0.3278,meanrev,A062,low
S01081,1,1.8936,trend,A136,high
S01082,1,1.15,breakout,A065,mid
S01083,0,0.0922,breakout,A057,low
S01084,0,2.1462,voltimer,A045,mid
S01085,0,2.4515,voltimer,A156,high
S01090,1,-0.3321,trend,A117,low
S01092,0,1.0632,meanrev,A120,low
S01096,1,1.9205,trend,A062,high
S01098,1,-0.9742,voltimer,A147,high
S01103,0,0.6277,breakout,A128,low
S01104,1,-0.5701,voltimer,A057,high
S01105,1,2.5526,meanrev,A007,high
S01108,0,-0.0456,trend,A133,mid
S01110,1,-0.0982,breakout,A127,high
S01112,0,-0.9952,trend,A154,low
S01113,0,1.5858,meanrev,A156,low
S01115,1,1.3553,trend,A073,high
S01119,0,0.3924,voltimer,A132,high
S01123,0,-2.1031,breakout,A127,mid
S01127,0,0.1439,breakout,A076,low
S01128,0,-0.7469,meanrev,A012,high
S01129,0,-0.7358,meanrev,A133,low
S01130,0,0.6434,meanrev,A084,low
S01131,0,-0.0719,breakout,A035,low
S01133,0,-1.4258,trend,A056,low
S01135,0,-3.1453,voltimer,A057,mid
S01136,1,1.8701,breakout,A016,low
S01137,0,-0.4818,breakout,A053,mid
S01138,0,0.3513,breakout,A047,low
S01139,0,-0.0552,trend,A031,mid
S01140,1,1.5564,trend,A156,mid
S01142,0,0.5818,meanrev,A006,low
S01145,1,0.3708,trend,A117,mid
S01150,1,1.3778,breakout,A084,high
S01151,1,1.451,meanrev,A053,mid
S01157,0,0.914,meanrev,A096,high
S01160,1,1.564,voltimer,A007,high
S01162,1,-0.1846,voltimer,A152,high
S01163,0,0.0057,trend,A076,mid
S01164,0,-0.7914,trend,A104,low
S01168,0,0.3339,trend,A133,mid
S01171,1,2.294,voltimer,A031,high
S01172,0,0.2096,voltimer,A123,mid
S01174,0,-0.1036,meanrev,A005,mid
S01176,1,-1.214,trend,A059,high
S01179,0,0.6197,breakout,A136,mid
S01184,0,0.705,trend,A099,mid
S01186,0,0.5482,meanrev,A084,mid
S01187,0,0.1176,meanrev,A073,mid
S01195,0,-0.6298,voltimer,A152,high
S01197,0,-0.2375,meanrev,A156,mid
S01199,0,-0.973,meanrev,A043,mid
S01200,0,1.1763,trend,A011,mid
S01201,0,1.1252,trend,A034,low
S01205,1,0.1826,trend,A019,high
S01206,0,-0.1319,meanrev,A019,mid
S01209,1,-0.3417,trend,A133,mid
S01210,0,1.3548,voltimer,A096,mid
S01212,1,1.965,breakout,A078,high
S01213,1,-0.2869,meanrev,A043,mid
S01216,1,0.0826,breakout,A136,mid
S01219,1,0.892,trend,A038,high
S01220,0,0.5428,breakout,A072,low
S01221,0,-1.6251,meanrev,A057,low
S01222,0,0.4787,trend,A118,mid
S01228,1,1.5499,voltimer,A084,high
S01232,0,0.5033,trend,A099,low
S01233,0,0.883,breakout,A056,low
S01234,1,2.3221,meanrev,A078,low
S01237,0,1.0157,trend,A132,high
S01241,0,-0.8135,meanrev,A121,low
S01243,0,0.3448,trend,A019,mid
S01244,0,-1.5447,voltimer,A016,mid
S01246,1,0.6772,breakout,A118,high
S01247,0,0.5916,meanrev,A089,low
S01249,1,1.3353,meanrev,A016,mid
S01250,1,0.7079,voltimer,A008,high
S01255,0,1.3516,breakout,A012,low
S01258,0,1.0908,breakout,A038,low
S01259,1,0.9251,meanrev,A147,high
S01264,0,1.8022,breakout,A006,low
S01267,0,-1.3652,breakout,A059,low
S01270,1,1.0852,trend,A065,low
S01271,1,-0.1329,meanrev,A121,low
S01272,0,-2.1365,voltimer,A145,mid
S01275,0,-1.2025,trend,A053,low
S01276,0,-1.5552,trend,A152,mid
S01279,0,0.1191,meanrev,A005,mid
S01282,1,0.6285,trend,A112,mid
S01287,0,3.069,breakout,A125,high
S01288,1,0.1816,meanrev,A011,high
S01289,0,-0.1705,meanrev,A117,mid
S01291,0,0.5914,voltimer,A065,mid
S01292,0,0.552,breakout,A056,low
S01293,1,0.3879,meanrev,A072,high
S01297,0,0.8167,breakout,A154,low
S01304,1,-0.2482,trend,A022,high
S01309,1,1.1368,voltimer,A080,high
S01314,0,1.8022,breakout,A006,mid
S01315,1,1.556,breakout,A056,low
S01316,0,2.5893,voltimer,A156,mid
S01320,0,1.1476,trend,A029,low
S01321,0,-0.6695,meanrev,A014,low
S01326,0,1.0334,trend,A096,mid
S01327,0,1.6553,meanrev,A146,low
S01330,0,1.3372,breakout,A073,low
S01332,1,0.0982,meanrev,A137,high
S01333,0,2.8943,breakout,A045,low
S01335,0,0.9484,trend,A073,low
S01337,1,0.9816,trend,A118,mid
S01339,0,0.453,trend,A156,mid
S01341,0,-1.5547,meanrev,A127,mid
S01344,0,-0.8998,breakout,A022,low
S01348,0,0.6704,meanrev,A104,high
S01350,1,3.3476,trend,A045,mid
S01351,1,1.0092,voltimer,A133,high
S01354,0,-1.1233,voltimer,A056,high
S01355,0,0.9968,trend,A072,low
S01356,0,-0.8433,trend,A057,mid
S01357,0,1.4786,breakout,A146,high
S01358,0,1.8869,breakout,A011,low
S01362,0,3.4656,voltimer,A125,high
S01365,0,-0.0982,trend,A007,mid
S01367,0,0.1849,trend,A005,mid
S01372,0,0.0126,trend,A123,low
S01375,1,-1.0125,trend,A057,high
S01376,0,0.3243,breakout,A119,low
S01377,0,1.6076,meanrev,A067,mid
S01381,0,-0.0826,breakout,A149,mid
S01382,1,1.3507,meanrev,A104,high
S01383,0,0.1442,meanrev,A084,low
S01384,1,0.0,meanrev,A065,mid
S01386,0,0.0201,voltimer,A128,mid
S01391,1,0.6546,trend,A130,high
S01392,1,1.8849,voltimer,A112,high
S01394,0,1.1762,meanrev,A076,mid
S01397,0,0.7276,meanrev,A073,mid
S01398,1,-1.0657,voltimer,A012,high
S01399,1,-0.3009,trend,A007,high
S01401,0,1.814,trend,A058,high
S01404,0,-0.2163,meanrev,A072,low
S01406,1,1.0596,meanrev,A076,high
S01414,0,0.727,meanrev,A152,low
S01415,0,2.2141,voltimer,A118,high
S01417,0,0.6886,breakout,A084,mid
S01418,0,1.3694,meanrev,A016,low
S01419,1,1.4718,voltimer,A036,high
S01421,0,0.2842,voltimer,A146,low
S01426,1,0.3625,meanrev,A007,mid
S01432,1,1.5135,breakout,A062,high
S01435,0,-3.3927,breakout,A117,low
S01437,1,-1.4642,voltimer,A157,high
S01440,1,0.037,trend,A104,low
S01446,0,1.8848,meanrev,A137,high
S01448,0,-0.2537,breakout,A022,mid
S01449,1,1.7532,trend,A058,high
S01451,1,-0.675,breakout,A157,high
S01452,0,1.1932,meanrev,A065,high
S01454,0,0.1008,breakout,A035,low
S01458,1,0.4886,trend,A062,mid
S01459,0,1.3798,meanrev,A084,low
S01461,0,-0.1628,meanrev,A099,low
S01462,0,-0.0057,meanrev,A119,low
S01463,0,-1.075,voltimer,A076,high
S01466,1,1.2307,voltimer,A104,high
S01467,0,3.3874,trend,A045,low
S01472,1,-0.6528,meanrev,A014,mid
S01473,0,0.9496,voltimer,A137,mid
S01474,0,1.8741,trend,A006,low
S01475,1,-0.9706,breakout,A088,mid
S01476,0,-0.5838,trend,A005,mid
S01479,1,1.1994,meanrev,A088,high
S01481,1,2.3326,meanrev,A045,mid
S01487,1,-1.779,meanrev,A128,low
S01490,1,0.4661,trend,A078,low
S01492,0,-0.4632,voltimer,A154,low
S01499,0,2.3374,trend,A132,high
S01501,0,-2.1802,voltimer,A053,high
S01508,1,1.396,trend,A022,high
S01512,0,-0.7726,trend,A130,mid
S01518,0,-1.3286,voltimer,A127,high
S01520,1,-0.2263,trend,A130,mid
S01521,0,-0.7788,meanrev,A057,mid
S01524,0,0.6435,breakout,A032,high
S01530,1,2.0727,meanrev,A073,high
S01539,1,0.3509,trend,A120,high
S01541,0,-0.8519,breakout,A120,high
S01543,0,-0.4512,meanrev,A121,mid
S01544,0,2.3816,meanrev,A154,mid
S01548,0,0.9027,trend,A036,low
S01549,0,0.3061,breakout,A107,mid
S01550,0,0.5498,meanrev,A120,low
S01552,0,1.1779,voltimer,A073,low
S01555,0,-0.7501,trend,A043,mid
S01559,0,-0.6607,voltimer,A130,low
S01561,1,0.3772,meanrev,A011,low
S01563,0,0.5999,breakout,A119,low
S01564,0,0.6886,breakout,A084,mid
S01570,0,-1.0293,voltimer,A012,high
S01572,1,0.1327,trend,A128,low
S01573,0,-0.8022,voltimer,A006,mid
S01578,1,2.1347,voltimer,A016,high
S01579,1,1.8084,voltimer,A118,mid
S01581,1,-0.2791,meanrev,A145,mid
S01585,1,1.8633,trend,A067,high
S01588,1,1.22,trend,A014,high
S01591,0,-1.2953,breakout,A130,low
S01593,0,-0.7479,breakout,A032,low
S01594,1,1.6183,meanrev,A096,high
S01596,0,2.5432,voltimer,A102,low
S01600,1,1.3039,meanrev,A016,mid
S01601,1,2.062,trend,A136,high
S01608,0,1.6905,meanrev,A133,low
S01616,0,-0.8066,trend,A059,mid
S01618,0,2.8943,breakout,A045,low
S01619,0,-0.9973,voltimer,A053,high
S01622,0,-1.8228,trend,A157,mid
S01625,0,0.6824,voltimer,A118,low
S01626,0,-0.1639,breakout,A130,mid
S01627,1,-1.0651,voltimer,A053,high
S01631,1,0.6246,trend,A038,high
S01639,0,0.0677,meanrev,A119,low
S01642,1,0.6219,breakout,A123,low
S01644,0,0.9287,trend,A008,low
S01650,0,0.6478,meanrev,A045,mid
S01651,0,1.8856,voltimer,A102,low
S01654,0,1.7478,voltimer,A038,high
S01658,1,0.596,trend,A056,low
S01659,0,-1.4135,breakout,A157,mid
S01660,1,1.0055,trend,A145,mid
S01663,1,-0.4227,trend,A147,high
S01667,0,0.2203,trend,A133,mid
S01675,0,1.6952,trend,A058,high
S01676,1,0.4695,meanrev,A035,mid
S01679,0,0.6152,trend,A128,low
S01683,1,0.2609,meanrev,A107,mid
S01686,1,1.4961,voltimer,A119,low
S01687,0,1.3554,breakout,A156,low
S01688,0,-0.1356,trend,A120,high
S01691,0,-0.1789,meanrev,A080,low
S01692,1,0.906,breakout,A078,mid
S01694,0,0.1398,voltimer,A076,mid
S01695,0,0.021,meanrev,A022,low
S01697,0,1.0965,trend,A029,mid
S01698,0,0.9874,trend,A096,high
S01703,0,-0.9522,meanrev,A031,mid
S01705,0,0.7938,trend,A031,high
S01708,1,0.1931,meanrev,A084,mid
S01709,1,0.8444,voltimer,A149,high
S01710,0,-0.5296,meanrev,A157,high
S01711,0,0.4854,breakout,A078,mid
S01714,0,1.6676,voltimer,A047,low
S01717,0,1.9829,meanrev,A078,low
S01719,0,0.8167,breakout,A154,low
S01725,0,0.8317,voltimer,A136,low
S01726,1,2.9102,voltimer,A137,high
S01734,1,0.0004,trend,A147,high
S01735,1,0.6477,trend,A123,low
S01736,1,-0.8413,breakout,A043,mid
S01738,0,0.7831,voltimer,A036,high
S01743,0,-2.0721,voltimer,A121,high
S01745,0,0.6443,breakout,A036,mid
S01746,1,-0.7872,voltimer,A005,high
S01747,0,0.5402,breakout,A136,low
S01751,1,0.6365,voltimer,A022,high
S01753,0,0.3549,voltimer,A043,mid
S01754,0,0.5431,trend,A156,low
S01755,0,-0.9349,voltimer,A130,high
S01756,1,-2.1876,meanrev,A128,high
S01758,0,-0.1195,voltimer,A096,low
S01760,0,-0.0344,breakout,A104,low
S01763,0,0.7378,voltimer,A072,high
S01764,1,1.1484,trend,A080,mid
S01767,0,-0.412,meanrev,A149,low
S01770,0,1.0045,trend,A011,low
S01773,0,-0.2443,meanrev,A012,high
S01774,0,-1.3069,trend,A137,low
S01777,0,-0.5215,meanrev,A012,high
S01779,0,1.3962,trend,A089,high
S01781,0,1.6263,trend,A031,high
S01787,1,0.2598,breakout,A084,high
S01788,0,-0.4247,meanrev,A152,low
S01791,1,0.1801,breakout,A022,high
S01794,0,1.4794,trend,A067,mid
S01797,1,-1.4236,breakout,A145,high
S01798,0,0.8539,trend,A078,low
S01807,0,1.3516,breakout,A012,low
S01810,1,-0.3682,voltimer,A120,mid
S01811,1,0.6964,voltimer,A146,high
S01812,1,0.5346,voltimer,A059,high
S01813,0,-1.3537,trend,A031,mid
S01818,1,1.3733,voltimer,A032,mid
S01822,1,-0.7998,trend,A005,mid
S01824,1,-0.5379,breakout,A147,high
S01834,0,1.8698,meanrev,A034,mid
S01835,0,-0.2766,breakout,A056,low
S01836,0,-1.2874,breakout,A043,low
S01837,1,0.7114,voltimer,A036,high
S01841,0,1.6079,voltimer,A038,mid
S01848,1,-0.9573,meanrev,A031,high
S01852,1,3.472,meanrev,A112,mid
S01855,0,0.0543,voltimer,A128,mid
S01862,0,1.6703,meanrev,A078,low
S01863,0,-0.3334,meanrev,A062,high
S01864,0,0.8238,breakout,A118,high
S01870,1,0.7234,meanrev,A006,mid
S01875,0,-1.0415,trend,A062,mid
S01878,1,2.1231,voltimer,A099,mid
S01879,0,1.7111,voltimer,A047,mid
S01883,0,0.2564,voltimer,A121,mid
S01884,1,0.1791,meanrev,A107,low
S01887,0,0.7991,trend,A047,low
S01891,0,1.5221,meanrev,A084,low
S01894,1,1.1842,trend,A145,high
S01899,0,0.4865,trend,A154,low
S01901,0,-0.5726,meanrev,A117,mid
S01906,0,-0.508,breakout,A119,low
S01907,0,0.8161,trend,A016,low
S01909,0,0.0505,trend,A128,low
S01910,1,2.1354,breakout,A067,mid
S01911,0,-0.6979,meanrev,A147,mid
S01913,0,0.6478,meanrev,A045,mid
S01914,1,0.6142,voltimer,A149,high
S01917,1,0.8555,breakout,A133,low
S01922,0,0.5457,meanrev,A080,low
S01924,0,0.4842,trend,A104,low
S01928,0,0.969,trend,A036,low
S01929,0,0.3771,trend,A146,high
S01933,0,0.7621,trend,A029,low
S01935,0,-0.1332,meanrev,A067,mid
S01936,0,0.822,voltimer,A031,high
S01938,1,1.3388,voltimer,A022,high
S01939,1,1.733,voltimer,A080,mid
S01940,0,-0.3233,trend,A119,low
S01942,1,-1.1235,meanrev,A127,mid
S01943,1,0.0012,trend,A057,mid
S01947,1,2.9118,meanrev,A099,low
S01949,0,-0.7721,voltimer,A146,high
S01951,1,-0.0647,meanrev,A029,high
S01952,0,0.1442,meanrev,A084,low
S01953,0,0.0116,trend,A007,mid
S01956,1,-0.2523,breakout,A043,mid
S01957,0,-0.2347,meanrev,A145,mid
S01958,1,-1.1741,breakout,A057,mid
S01959,0,0.631,trend,A072,mid
S01963,1,-0.4774,voltimer,A130,low
S01964,0,-0.0537,meanrev,A062,mid
S01965,0,-0.1625,voltimer,A062,high
S01968,0,0.54,breakout,A118,high
S01970,0,0.4708,meanrev,A073,mid
S01971,1,2.1465,breakout,A006,high
S01972,1,0.8228,trend,A099,high
S01974,0,-1.2146,breakout,A133,low
S01975,0,-0.8691,breakout,A019,low
S01976,1,0.2789,trend,A123,low
S01977,0,-0.5379,breakout,A147,low
S01978,0,-0.2455,breakout,A096,mid
S01979,0,-0.6727,breakout,A096,mid
S01986,0,0.4385,meanrev,A006,mid
S01987,0,2.9178,breakout,A132,high
S01993,0,0.6928,breakout,A038,low
S01997,0,-0.9534,trend,A107,high
S01999,0,1.0019,meanrev,A125,mid
S02002,0,1.6731,voltimer,A067,high
S02003,0,-1.7293,breakout,A152,mid
S02004,0,0.1286,trend,A136,mid
S02007,1,-0.9677,trend,A057,low
S02010,1,1.0914,breakout,A016,mid
S02014,1,2.4073,breakout,A156,mid
S02015,0,1.1656,breakout,A029,mid
S02016,0,0.6138,meanrev,A005,mid
S02019,0,-0.6096,voltimer,A145,high
S02022,1,1.5053,trend,A145,high
S02025,1,1.4508,breakout,A117,low
S02027,1,1.8314,voltimer,A156,mid
S02028,0,2.2768,breakout,A011,low
S02029,0,0.6797,trend,A125,high
S02030,0,2.1844,voltimer,A006,mid
S02031,0,-0.2321,breakout,A080,low
S02032,0,1.8679,trend,A011,low
S02033,0,-0.3617,voltimer,A035,mid
S02035,1,-0.0584,trend,A121,high
S02038,1,-0.4634,breakout,A057,mid
S02039,0,1.6666,breakout,A016,low
S02041,0,0.2404,meanrev,A130,mid
S02043,0,0.2102,meanrev,A120,low
S02044,0,0.048,trend,A038,mid
S02049,1,0.8583,breakout,A036,high
S02052,0,0.8658,trend,A008,low
S02056,0,0.3061,breakout,A107,mid
S02058,0,0.497,voltimer,A058,high
S02059,0,0.6242,breakout,A062,high
S02060,1,-0.8131,meanrev,A057,low
S02070,1,1.6513,voltimer,A112,high
S02071,0,1.3538,meanrev,A006,mid
S02076,1,0.9111,trend,A076,mid
S02081,0,-1.8528,trend,A056,low
S02087,0,0.9958,trend,A036,low
S02088,0,0.77,trend,A038,mid
S02093,1,0.2435,meanrev,A118,high
S02110,0,0.8167,breakout,A154,low
S02115,0,1.9426,voltimer,A102,mid
S02118,1,2.4281,meanrev,A008,mid
S02122,0,3.1545,breakout,A045,low
S02124,0,-0.1198,voltimer,A147,low
S02129,1,-0.076,trend,A076,low
S02132,1,0.6187,trend,A119,low
S02133,1,0.6175,breakout,A022,mid
S02134,0,1.0314,trend,A011,mid
S02136,1,-1.4427,voltimer,A053,high
S02137,1,1.4808,voltimer,A117,mid
S02140,1,1.8429,voltimer,A084,high
S02142,0,0.6366,meanrev,A011,low
S02148,1,1.7532,meanrev,A088,high
S02149,1,-0.1167,voltimer,A076,high
S02150,0,0.1574,trend,A112,mid
S02151,1,-1.2925,trend,A012,high
S02152,1,1.9915,voltimer,A067,high
S02153,1,1.567,meanrev,A008,high
S02157,0,0.5604,meanrev,A072,mid
S02158,0,0.6219,breakout,A123,low
S02159,0,0.7441,voltimer,A032,mid
S02161,0,1.111,voltimer,A038,high
S02162,0,0.229,trend,A047,low
S02164,1,0.2198,breakout,A118,high
S02165,1,0.056,trend,A029,mid
S02168,0,0.7039,meanrev,A072,low
S02173,0,-1.1757,voltimer,A137,high
S02177,0,1.3372,breakout,A073,low
S02178,0,1.3516,breakout,A012,low
S02182,0,0.2218,meanrev,A008,mid
S02183,0,0.7952,voltimer,A056,low
S02186,0,1.4479,trend,A102,low
S02187,1,1.0665,meanrev,A120,high
S02188,1,0.2798,voltimer,A137,high
S02189,1,1.3812,breakout,A067,mid
S02190,1,0.8733,trend,A112,mid
S02192,1,0.1753,meanrev,A157,high
S02197,1,0.9905,meanrev,A120,mid
S02199,0,-1.6506,voltimer,A107,mid
S02200,0,-0.2496,trend,A007,mid
S02201,0,-1.0115,breakout,A053,low
S02202,0,-0.574,meanrev,A056,mid
S02203,0,0.698,trend,A099,low
S02207,1,0.8004,meanrev,A008,high
S02213,0,-2.0178,breakout,A149,mid
S02216,1,-1.3219,voltimer,A057,mid
S02217,0,-0.2949,voltimer,A031,high
S02219,1,2.2215,voltimer,A067,high
S02224,0,0.1031,meanrev,A035,low
S02226,0,0.9678,voltimer,A035,low
S02227,0,-0.0449,voltimer,A007,mid
S02229,1,2.3757,voltimer,A102,low
S02230,0,0.1473,trend,A156,low
S02231,1,1.2406,trend,A146,mid
S02232,0,1.3643,meanrev,A034,mid
S02235,0,1.4928,voltimer,A038,high
S02237,0,0.9237,breakout,A006,mid
S02238,0,1.3554,breakout,A156,low
S02239,0,1.1633,trend,A029,mid
S02241,1,0.7577,breakout,A035,low
S02242,0,0.5647,trend,A117,low
S02247,0,1.5203,voltimer,A112,low
S02248,0,0.6851,voltimer,A112,mid
S02251,1,2.941,breakout,A125,high
S02253,0,-1.5138,meanrev,A053,low
S02254,0,1.3345,voltimer,A132,high
S02255,0,0.1595,trend,A119,low
S02256,1,1.754,meanrev,A123,low
S02259,0,-3.0377,voltimer,A149,high
S02260,0,2.0682,voltimer,A008,high
S02261,0,-0.1117,trend,A107,high
S02262,0,-0.4509,voltimer,A137,high
S02264,0,1.5567,meanrev,A137,mid
S02266,0,-0.595,voltimer,A157,high
S02270,1,1.4156,breakout,A089,high
S02273,0,0.6457,meanrev,A088,mid
S02276,0,0.6197,breakout,A136,mid
S02277,0,-1.8666,voltimer,A057,mid
S02278,1,1.8455,meanrev,A125,high
S02282,0,-0.1236,trend,A076,low
S02284,1,1.2419,breakout,A112,low
S02286,1,1.1029,voltimer,A005,high
S02287,1,0.6798,breakout,A130,high
S02290,1,0.4873,trend,A078,low
S02291,0,-2.4929,breakout,A145,mid
S02293,0,1.7005,voltimer,A034,high
S02297,0,0.6483,voltimer,A084,high
S02303,0,-1.7062,voltimer,A120,high
S02305,0,1.0322,breakout,A036,low
S02306,0,-1.7293,breakout,A152,mid
S02308,1,-2.0891,meanrev,A047,high
S02317,0,2.1823,voltimer,A045,mid
S02318,1,0.2027,trend,A035,mid
S02319,0,0.7239,voltimer,A012,mid
S02321,0,1.5201,meanrev,A123,low
S02322,0,2.1632,voltimer,A067,mid
S02323,1,-0.4437,trend,A154,low
S02326,0,-0.8303,meanrev,A047,mid
S02327,0,1.2156,voltimer,A156,low
S02328,0,0.039,trend,A056,low
S02329,0,0.9107,breakout,A038,low
S02332,1,1.5065,meanrev,A053,low
S02336,1,0.0951,trend,A053,low
S02343,1,-0.0611,meanrev,A067,low
S02344,0,1.761,voltimer,A084,high
S02346,0,-0.0587,meanrev,A012,mid
S02347,0,0.9107,breakout,A038,low
S02348,0,0.3298,breakout,A065,low
S02349,1,0.2278,breakout,A096,high
S02350,1,1.5973,breakout,A008,low
S02351,0,0.5311,trend,A072,mid
S02355,0,-1.5614,voltimer,A057,mid
S02356,0,-1.3785,breakout,A043,low
S02357,0,-1.6986,meanrev,A132,mid
S02360,0,-0.057,meanrev,A117,low
S02361,1,0.2226,meanrev,A019,high
S02362,0,0.5435,voltimer,A073,low
S02363,1,2.6623,breakout,A146,high
S02368,1,-0.2183,breakout,A096,high
S02370,1,0.542,meanrev,A016,low
S02371,0,-1.1481,meanrev,A056,low
S02380,0,-1.2874,breakout,A043,low
S02382,0,-1.6028,meanrev,A016,low
S02384,1,1.4989,voltimer,A065,mid
S02389,0,2.2615,meanrev,A133,low
S02394,0,-0.1835,breakout,A128,low
S02395,1,-0.2174,trend,A035,mid
S02398,1,0.3396,meanrev,A119,high
S02399,0,0.1439,breakout,A076,low
S02400,0,0.2994,meanrev,A130,mid
S02401,1,2.9057,meanrev,A062,high
S02403,0,2.0764,meanrev,A072,low
S02406,0,-0.1835,breakout,A128,low
S02408,1,-0.8328,breakout,A127,high
S02411,0,0.4588,trend,A128,low
S02413,0,0.6782,voltimer,A065,mid
S02414,1,1.0826,voltimer,A043,high
S02418,0,-0.0209,meanrev,A032,mid
S02421,1,-0.2782,meanrev,A117,high
S02422,1,-0.6686,meanrev,A029,high
S02424,0,2.2004,voltimer,A029,high
S02432,0,-0.1316,trend,A096,low
S02434,1,1.3227,breakout,A073,high
S02436,0,-0.4818,breakout,A053,mid
S02437,0,-0.5179,voltimer,A121,high
S02438,0,-1.2363,breakout,A137,low
S02443,0,0.4184,trend,A076,low
S02445,0,-0.31,voltimer,A059,mid
S02447,0,1.3432,voltimer,A014,high
S02451,0,-0.893,trend,A007,low
S02452,0,0.513,trend,A118,mid
S02454,0,-0.4717,voltimer,A123,low
S02459,0,2.9778,voltimer,A011,high
S02461,1,0.1618,trend,A065,low
S02462,0,-0.213,breakout,A104,low
S02463,0,-2.4119,meanrev,A128,mid
S02467,1,1.1031,voltimer,A038,high
S02468,1,-0.4971,trend,A107,high
S02469,1,1.2629,trend,A047,mid
S02470,0,1.0097,breakout,A065,low
S02473,0,1.2867,trend,A072,low
S02475,0,2.1545,meanrev,A133,low
S02478,1,-0.8563,trend,A107,high
S02480,0,-1.2874,breakout,A043,low
S02481,1,3.4304,breakout,A045,low
S02482,0,-0.1242,breakout,A088,low
S02484,0,-0.2915,trend,A035,high
S02485,0,-0.7339,breakout,A057,low
S02487,0,0.0826,breakout,A136,mid
S02491,0,2.941,breakout,A125,high
S02495,1,0.03,meanrev,A035,low
S02496,0,0.3383,voltimer,A154,low
S02497,1,-0.4269,trend,A088,mid
S02499,0,1.8961,meanrev,A029,mid
S02500,0,-0.8285,trend,A057,low
S02501,1,1.1931,trend,A047,mid
S02503,1,4.5902,voltimer,A045,mid
S02506,1,-1.1845,meanrev,A038,mid
S02509,1,0.5143,meanrev,A152,mid
S02515,0,0.6346,trend,A112,low
S02516,0,-1.853,breakout,A059,low
S02518,0,1.3812,trend,A102,low
S02520,1,0.6408,trend,A019,high
S02521,0,0.9693,meanrev,A022,low
S02525,0,1.423,breakout,A019,mid
S02527,0,-0.5261,breakout,A121,low
S02529,0,0.005,trend,A043,low
S02530,0,0.0365,trend,A096,mid
S02531,0,0.1473,trend,A156,low
S02532,1,1.7152,trend,A132,high
S02533,1,1.1067,meanrev,A067,high
S02535,0,1.7098,breakout,A067,low
S02536,0,-0.8282,voltimer,A133,high
S02537,0,-2.1641,voltimer,A016,mid
S02538,0,0.8443,voltimer,A034,high
S02539,0,0.8476,breakout,A065,low
S02541,0,-0.7048,breakout,A137,low
S02544,1,-3.0977,voltimer,A059,high
S02546,1,2.0278,voltimer,A047,mid
S02547,0,0.1719,trend,A007,mid
S02549,0,0.3061,breakout,A107,mid
S02550,0,0.6457,meanrev,A088,mid
S02554,0,1.3372,breakout,A073,low
S02555,1,1.8488,breakout,A078,mid
S02557,1,0.5297,trend,A133,low
S02559,0,-0.0085,breakout,A035,mid
S02560,1,0.867,breakout,A036,mid
S02565,1,0.3945,breakout,A102,mid
S02570,0,0.3513,breakout,A047,low
S02575,1,1.9577,meanrev,A157,high
S02583,0,1.6666,breakout,A016,low
S02590,0,-1.4865,trend,A149,low
S02594,0,1.1522,breakout,A078,low
S02595,1,1.1937,voltimer,A062,high
S02596,0,2.0287,voltimer,A045,low
S02598,0,1.5672,trend,A008,mid
S02601,0,1.37,breakout,A011,low
S02602,0,-0.6695,meanrev,A014,low
S02604,0,1.4119,breakout,A032,mid
S02606,1,0.8498,breakout,A154,high
S02607,1,1.3637,breakout,A117,high
S02611,1,1.1447,trend,A014,mid
S02612,1,2.6335,breakout,A146,high
S02618,0,-0.3072,voltimer,A089,mid
S02620,0,-0.8638,trend,A032,mid
S02621,1,2.338,meanrev,A084,low
S02623,0,-1.9351,breakout,A137,low
S02625,0,0.0182,breakout,A005,low
S02627,0,-1.9179,meanrev,A031,mid
S02628,1,1.3812,breakout,A067,mid
S02629,1,0.1959,meanrev,A062,high
S02633,0,1.1371,trend,A080,low
S02635,1,-0.3775,trend,A096,high
S02639,0,1.4786,breakout,A146,high
S02640,1,0.3527,trend,A067,mid
S02641,0,-0.4702,meanrev,A149,low
S02644,1,1.0007,meanrev,A096,high
S02646,0,1.7601,meanrev,A120,low
S02649,1,0.6634,breakout,A058,high
S02650,0,-0.1777,breakout,A008,low
S02652,0,-0.4058,breakout,A053,mid
S02654,0,0.013,meanrev,A117,low
S02663,0,-0.7217,voltimer,A072,high
S02664,1,2.5486,trend,A062,high
S02665,0,0.2519,breakout,A104,low
S02671,1,1.8053,trend,A011,high
S02677,1,1.3186,trend,A016,mid
S02679,0,-0.211,trend,A065,low
S02680,1,0.9927,breakout,A014,high
S02681,1,1.9487,trend,A011,high
S02682,1,0.5259,meanrev,A036,high
S02683,1,2.0093,trend,A089,high
S02688,0,-1.4628,voltimer,A120,high
S02689,1,-1.6826,trend,A152,high
S02690,1,1.3031,meanrev,A058,high
S02691,1,2.7738,meanrev,A149,mid
S02693,0,0.1821,breakout,A154,low
S02697,0,1.321,breakout,A080,low
S02698,1,-0.4034,trend,A104,mid
S02700,0,-0.1639,breakout,A130,low
S02704,0,-1.0433,trend,A043,low
S02706,1,1.3166,meanrev,A136,high
S02711,0,1.582,voltimer,A080,mid
S02712,1,1.7229,meanrev,A118,mid
S02714,1,0.5057,breakout,A076,high
S02715,1,-0.652,meanrev,A107,high
S02717,0,-0.8585,trend,A121,low
S02718,0,-0.5925,meanrev,A112,low
S02721,0,0.1835,trend,A123,low
S02722,0,-2.2343,voltimer,A057,mid
S02723,0,0.6699,breakout,A117,low
S02724,1,-0.7736,voltimer,A127,high
S02726,1,-1.4495,trend,A149,mid
S02728,0,0.6503,trend,A118,mid
S02731,0,1.2495,trend,A006,mid
S02739,0,0.6699,breakout,A117,low
S02741,0,1.3694,meanrev,A016,low
S02742,1,-1.6005,voltimer,A136,mid
S02744,0,0.7958,meanrev,A156,mid
S02745,0,-0.4789,trend,A147,high
S02746,0,1.304,meanrev,A136,low
S02749,0,-1.3083,trend,A012,mid
S02750,0,1.7032,meanrev,A123,low
S02751,0,0.3711,voltimer,A125,high
S02753,0,-2.4771,meanrev,A128,low
S02754,0,-0.3827,meanrev,A119,mid
S02761,1,-0.8691,breakout,A019,mid
S02763,1,0.8131,trend,A006,high
S02766,0,0.8167,breakout,A154,low
S02770,0,1.7299,trend,A016,low
S02772,0,-0.4711,trend,A022,mid
S02773,1,1.2957,trend,A016,high
S02776,0,1.3655,trend,A102,low
S02783,1,3.7966,meanrev,A133,mid
S02786,1,2.1812,breakout,A089,high
S02791,0,1.2072,voltimer,A006,low
S02792,1,0.2146,breakout,A080,low
S02793,0,-1.2781,voltimer,A005,low
S02794,1,1.0974,meanrev,A088,mid
S02795,0,0.2011,meanrev,A157,high
S02797,1,-2.6175,meanrev,A128,high
S02800,0,0.9462,trend,A080,low
S02801,0,2.941,breakout,A125,high
S02803,1,0.7733,voltimer,A006,high
S02804,1,0.6712,meanrev,A121,high
S02807,1,2.3092,meanrev,A073,high
S02808,0,-1.6929,trend,A152,mid
S02810,1,0.8163,breakout,A107,high
S02814,1,2.7745,breakout,A128,high
S02816,0,2.1231,voltimer,A099,low
S02822,0,-1.6082,breakout,A059,low
S02823,0,1.1562,voltimer,A014,high
S02827,1,0.5247,meanrev,A012,high
S02828,1,0.9867,trend,A016,mid
S02833,0,-1.8764,breakout,A088,low
S02834,1,1.6898,breakout,A154,high
S02837,1,0.2097,trend,A032,high
S02840,0,2.3,voltimer,A123,mid
S02846,0,-0.845,meanrev,A119,low
S02848,0,-0.8519,breakout,A120,high
S02850,1,0.8029,breakout,A120,high
S02854,0,0.4385,meanrev,A006,low
S02857,1,0.453,trend,A156,high
S02858,0,-2.3956,breakout,A130,low
S02859,0,0.1794,meanrev,A118,mid
S02862,0,-1.9042,breakout,A145,mid
S02863,1,1.5441,voltimer,A007,high
S02867,0,-0.8663,trend,A059,mid
S02871,1,-0.2537,breakout,A022,mid
S02874,1,-0.4058,breakout,A053,high
S02875,1,-0.2718,breakout,A062,high
S02877,0,-0.1639,breakout,A130,low
S02879,1,3.5234,voltimer,A099,high
S02882,1,0.3138,trend,A019,high
S02883,0,-0.4143,trend,A005,low
S02884,1,0.9899,breakout,A005,mid
S02887,0,-0.9041,trend,A154,mid
S02889,0,0.9805,meanrev,A035,mid
S02890,0,0.8518,trend,A120,mid
S02893,1,0.5573,breakout,A019,high
S02894,1,-0.4634,breakout,A057,mid
S02895,0,-0.9674,trend,A127,high
S02896,0,-1.1354,voltimer,A059,high
S02897,1,0.1852,meanrev,A005,high
S02898,1,0.5683,trend,A096,high
S02902,1,-0.9356,trend,A107,high
S02904,1,-0.0732,breakout,A107,high
S02906,0,-0.1185,trend,A099,mid
S02909,1,0.2901,meanrev,A065,high
S02910,1,-0.1045,breakout,A006,mid
S02913,1,-0.0984,meanrev,A036,high
S02918,1,1.5564,breakout,A072,low
S02923,0,-0.1088,meanrev,A012,mid
S02926,0,2.0129,breakout,A067,mid
S02927,0,0.8628,breakout,A107,mid
S02929,0,0.4701,meanrev,A078,mid
S02930,0,-3.5775,meanrev,A053,low
S02931,0,0.5991,voltimer,A117,low
S02932,0,1.7482,breakout,A156,low
S02935,0,-0.6184,meanrev,A057,mid
S02937,0,1.3372,meanrev,A133,low
S02939,0,-1.9872,breakout,A145,mid
S02941,0,-0.8339,trend,A088,low
S02943,0,1.4531,meanrev,A125,low
S02944,1,1.1984,trend,A072,high
S02945,0,2.2001,voltimer,A045,high
S02947,0,1.5015,trend,A058,high
S02949,0,-0.2731,meanrev,A145,low
S02954,0,-0.5593,meanrev,A112,low
S02958,0,-0.5644,meanrev,A043,mid
S02959,0,0.9835,voltimer,A136,mid
S02960,1,2.4665,breakout,A156,low
S02966,1,-0.4437,breakout,A137,low
S02969,0,-0.5913,meanrev,A036,mid
S02970,0,0.3102,meanrev,A080,low
S02978,1,1.4589,breakout,A016,high
S02981,0,0.3456,trend,A076,low
S02983,0,0.7792,voltimer,A152,mid
S02989,1,0.2064,meanrev,A102,low
S02990,1,0.5438,trend,A007,high
S02992,1,1.4364,meanrev,A072,high
S02995,0,2.3531,meanrev,A035,mid
S03001,1,-0.4588,trend,A005,high
S03002,0,3.1545,breakout,A045,low
S03011,0,1.9791,voltimer,A102,low
S03012,0,0.1754,voltimer,A036,low
S03014,1,2.9178,breakout,A132,high
S03015,1,1.6353,meanrev,A032,high
S03016,0,0.2694,breakout,A032,mid
S03019,0,-1.6571,voltimer,A088,mid
S03022,0,-1.7348,voltimer,A120,mid
S03023,0,-0.2633,trend,A117,low
S03025,1,0.7783,meanrev,A043,mid
S03027,1,0.6575,voltimer,A043,high
S03029,1,0.9436,meanrev,A005,high
S03032,0,0.0903,breakout,A022,mid
S03036,0,-0.354,meanrev,A149,low
S03037,0,1.2445,breakout,A089,high
S03039,1,-0.3106,meanrev,A157,high
S03042,1,-0.7112,breakout,A053,mid
S03048,1,1.181,trend,A036,high
S03050,1,0.0338,meanrev,A127,high
S03053,1,-0.0172,voltimer,A130,low
S03054,1,1.5508,breakout,A112,mid
S03056,0,0.2025,trend,A156,mid
S03058,1,0.203,meanrev,A125,mid
S03065,1,2.3753,breakout,A157,mid
S03069,0,-3.1315,meanrev,A053,low
S03074,0,-0.0749,voltimer,A128,mid
S03076,1,1.916,trend,A089,high
S03077,1,0.1642,meanrev,A029,high
S03080,0,0.0499,breakout,A022,mid
S03083,0,0.273,trend,A096,mid
S03084,0,-0.0754,trend,A099,mid
S03086,0,0.2535,trend,A118,mid
S03087,1,2.1615,trend,A031,high
S03089,1,-3.3608,meanrev,A053,high
S03091,0,2.8943,breakout,A045,low
S03092,1,0.3711,breakout,A102,high
S03093,0,1.3432,trend,A031,mid
S03095,0,0.9905,trend,A036,low
S03099,0,-0.404,breakout,A121,low
S03101,1,-1.4412,trend,A012,mid
S03106,0,-1.3125,meanrev,A031,mid
S03108,1,0.0626,meanrev,A123,high
S03110,0,0.451,voltimer,A058,high
S03114,0,-1.4094,voltimer,A053,mid
S03116,1,0.3832,meanrev,A145,mid
S03117,0,1.3372,breakout,A073,low
S03119,0,-1.1246,breakout,A121,low
S03120,0,-0.8303,meanrev,A047,mid
S03123,0,0.9505,breakout,A089,high
S03127,0,2.7932,voltimer,A099,high
S03131,1,1.6686,voltimer,A078,high
S03134,0,0.8774,voltimer,A062,high
S03135,1,0.7748,voltimer,A147,high
S03136,1,0.6628,meanrev,A117,high
S03139,0,-0.9187,meanrev,A121,low
S03140,1,2.4631,trend,A132,high
S03141,0,1.2965,voltimer,A058,mid
S03142,0,0.3461,meanrev,A120,low
S03143,1,-0.2321,voltimer,A154,high
S03145,0,-1.6,voltimer,A127,high
S03146,0,0.722,trend,A036,mid
S03149,0,1.6666,breakout,A016,low
S03150,0,-1.6451,meanrev,A016,low
S03152,0,0.9747,voltimer,A007,high
S03154,0,0.6699,breakout,A117,low
S03157,1,0.5834,breakout,A121,mid
S03160,0,0.747,meanrev,A119,mid
S03161,0,1.6961,trend,A016,low
S03162,1,1.02,meanrev,A065,high
S03163,0,0.3204,meanrev,A102,low
S03165,0,0.6515,breakout,A112,low
S03166,0,-1.3303,trend,A022,high
S03167,0,1.521,meanrev,A154,low
S03168,0,0.0221,meanrev,A146,low
S03172,0,-3.0898,voltimer,A149,high
S03174,1,2.941,breakout,A125,high
S03179,0,1.1534,voltimer,A102,low
S03180,1,-0.2657,voltimer,A119,low
S03187,1,1.9843,breakout,A089,high
S03192,0,0.6242,breakout,A062,mid
S03195,1,1.3462,breakout,A080,mid
S03201,1,1.7665,voltimer,A132,high
S03202,1,3.506,trend,A125,high
S03204,1,2.117,voltimer,A102,mid
S03205,0,-0.2449,trend,A007,mid
S03206,0,0.0744,breakout,A014,high
S03209,1,0.8595,voltimer,A058,high
S03210,0,-0.8797,trend,A056,low
S03211,0,0.1688,meanrev,A147,mid
S03213,0,0.8088,trend,A034,mid
S03215,1,2.0899,breakout,A006,high
S03218,0,-0.524,meanrev,A104,mid
S03220,1,0.3969,trend,A127,high
S03226,1,3.3285,voltimer,A104,mid
S03231,0,0.4119,voltimer,A032,low
S03237,0,-0.0251,meanrev,A011,low
S03240,0,1.9356,meanrev,A045,low
S03244,1,0.5969,voltimer,A065,high
S03245,0,1.3694,meanrev,A016,low
S03246,0,0.0122,trend,A047,low
S03247,0,-0.0467,meanrev,A022,low
S03248,0,2.2207,voltimer,A133,mid
S03250,0,0.3163,meanrev,A123,low
S03252,1,-1.2371,voltimer,A056,high
S03253,0,0.5428,breakout,A072,low
S03256,0,0.3686,voltimer,A008,high
S03258,1,0.8022,trend,A130,high
S03260,0,0.0182,breakout,A005,low
S03264,1,1.5367,meanrev,A016,mid
S03265,0,-1.2874,breakout,A043,low
S03267,0,-0.9046,voltimer,A032,high
S03268,1,1.537,meanrev,A034,mid
S03270,1,0.9423,meanrev,A014,mid
S03275,1,1.8338,meanrev,A080,mid
S03278,1,0.9091,meanrev,A022,mid
S03281,0,0.7693,voltimer,A067,high
S03289,0,-0.1703,meanrev,A059,mid
S03290,0,-0.5716,trend,A127,high
S03292,0,0.3711,breakout,A102,low
S03296,1,1.0385,breakout,A137,high
S03298,1,2.6673,meanrev,A099,mid
S03301,0,0.6219,breakout,A123,low
S03302,1,2.5766,meanrev,A088,high
S03304,1,1.8507,breakout,A073,high
S03307,1,-1.8922,trend,A059,high
S03309,0,1.4534,meanrev,A007,mid
S03314,1,0.1134,trend,A154,low
S03316,1,0.6706,meanrev,A117,high
S03318,1,0.3208,trend,A043,mid
S03321,1,-0.1702,meanrev,A005,mid
S03325,1,0.9687,meanrev,A065,high
S03328,1,1.7671,voltimer,A084,high
S03330,1,1.9458,trend,A072,mid
S03332,0,1.4202,voltimer,A123,mid
S03338,1,2.7092,trend,A006,high
S03342,1,-2.0276,voltimer,A145,high
S03343,0,1.204,voltimer,A067,high
S03347,0,2.1274,meanrev,A136,low
S03348,1,2.941,breakout,A125,high
S03352,0,1.1305,trend,A084,low
S03356,0,1.3856,voltimer,A022,mid
S03357,0,0.1439,breakout,A076,low
S03358,0,-2.4636,voltimer,A146,high
S03359,0,-0.6671,voltimer,A035,low
S03361,1,1.13,breakout,A067,mid
S03362,1,3.309,voltimer,A099,high
S03366,0,-0.2092,meanrev,A073,high
S03368,1,0.6717,voltimer,A043,high
S03373,1,-0.4702,meanrev,A149,low
S03378,1,1.4784,breakout,A058,high
S03380,0,1.3626,breakout,A019,mid
S03386,0,0.3164,breakout,A130,low
S03390,0,-0.2015,trend,A099,low
S03391,1,-0.6652,trend,A127,high
S03394,0,1.3399,voltimer,A047,low
S03395,0,-2.1221,trend,A152,high
S03396,0,1.4341,meanrev,A120,low
S03398,1,2.3053,voltimer,A102,high
S03404,0,-0.1435,breakout,A137,low
S03409,1,3.6433,voltimer,A146,high
S03411,0,1.3516,breakout,A012,low
S03415,0,-0.9175,meanrev,A112,low
S03417,0,-1.2836,voltimer,A127,high
S03418,1,1.7864,meanrev,A078,mid
S03423,0,0.0887,meanrev,A032,mid
S03424,0,-0.5205,breakout,A059,low
S03425,1,1.3531,meanrev,A072,low
S03426,0,2.0708,voltimer,A125,high
S03430,0,1.1134,meanrev,A007,low
S03431,0,-1.6172,meanrev,A031,low
S03432,0,-0.5459,trend,A062,high
S03433,0,1.4992,meanrev,A076,mid
S03439,1,2.0113,voltimer,A156,mid
S03442,1,-2.57,voltimer,A149,high
S03448,0,0.7405,meanrev,A076,mid
S03451,1,0.1934,meanrev,A133,mid
S03452,0,-0.5379,breakout,A147,low
S03455,0,0.3811,meanrev,A133,low
S03459,1,1.7933,breakout,A145,high
S03466,1,1.0805,breakout,A133,low
S03469,1,1.1162,breakout,A078,mid
S03471,1,0.8485,meanrev,A045,high
S03472,1,-0.1624,breakout,A088,mid
S03474,0,0.4484,trend,A119,low
S03478,1,1.8611,trend,A102,low
S03479,1,-0.2191,meanrev,A119,mid
S03480,0,1.1204,meanrev,A065,high
S03482,1,0.8476,breakout,A065,low
S03483,0,2.0617,meanrev,A154,low
S03485,0,0.1654,trend,A019,high
S03486,1,0.2123,meanrev,A012,mid
S03487,0,-2.7976,voltimer,A107,high
S03494,0,-1.1713,meanrev,A036,low
S03495,1,0.5116,meanrev,A062,high
S03498,1,-1.554,trend,A121,mid
S03502,0,0.4297,breakout,A008,low
S03504,0,-0.2789,meanrev,A107,mid
S03505,0,1.7682,trend,A132,high
S03507,1,3.0741,meanrev,A099,low
S03510,1,2.5185,meanrev,A089,high
S03512,0,-0.5979,meanrev,A107,mid
S03513,1,1.506,trend,A119,low
S03516,1,0.9107,breakout,A038,high
S03518,0,0.82,trend,A011,mid
S03520,0,0.229,breakout,A119,low
S03521,0,-0.3622,meanrev,A045,mid
S03523,1,0.7349,voltimer,A133,mid
S03525,0,1.0256,trend,A132,high
S03528,0,-0.7916,trend,A130,mid
S03531,0,-0.0732,breakout,A107,mid
S03533,0,-1.8764,breakout,A088,low
S03535,0,0.8086,meanrev,A120,low
S03540,1,1.507,voltimer,A019,high
S03541,0,-0.6968,voltimer,A076,high
S03543,0,-0.0264,meanrev,A145,low
S03544,1,1.3516,breakout,A012,mid
S03545,0,-1.0693,voltimer,A152,mid
S03548,0,-0.9177,meanrev,A117,low
S03554,0,-0.3704,meanrev,A147,mid
S03558,1,0.1732,trend,A065,high
S03559,1,0.4253,meanrev,A152,low
S03560,0,0.5652,meanrev,A043,mid
S03561,1,-0.7301,breakout,A117,high
S03562,0,0.8151,trend,A006,low
S03563,0,2.4815,voltimer,A117,low
S03565,1,2.6163,breakout,A146,high
S03568,0,-0.8023,trend,A022,high
S03572,0,0.3016,meanrev,A073,mid
S03573,0,0.0,meanrev,A136,low
S03574,0,-1.6762,voltimer,A133,mid
S03578,0,1.4786,breakout,A146,high
S03579,1,0.911,trend,A073,low
S03586,0,1.7682,trend,A132,high
S03587,1,3.7929,meanrev,A045,mid
S03589,0,-0.5701,trend,A088,low
S03599,1,-0.1691,meanrev,A007,mid
S03601,0,0.8167,breakout,A154,low
S03605,1,2.8575,meanrev,A136,mid
S03606,0,-0.5994,trend,A005,mid
S03610,0,-0.6073,meanrev,A012,mid
S03616,0,0.9651,voltimer,A011,low
S03618,0,1.4022,voltimer,A156,mid
S03619,1,1.5289,trend,A008,low
S03620,0,2.941,breakout,A125,high
S03628,0,0.2518,voltimer,A012,high
S03633,1,2.2768,breakout,A011,mid
S03635,1,-3.1957,meanrev,A053,low
S03636,0,-0.508,breakout,A119,low
S03639,0,0.6277,breakout,A128,low
S03644,0,-1.4801,voltimer,A088,high
S03645,1,1.3516,breakout,A012,mid
S03646,0,0.5623,voltimer,A059,mid
S03647,0,0.3359,breakout,A034,low
S03649,1,0.3275,breakout,A034,mid
S03652,0,-3.0214,breakout,A053,low
S03657,1,-0.5769,meanrev,A130,high
S03660,0,-1.2495,trend,A057,low
S03661,0,-0.1473,meanrev,A096,high
S03662,0,0.0319,meanrev,A019,mid
S03664,0,0.3513,breakout,A047,low
S03666,0,0.883,breakout,A056,low
S03667,0,-0.2148,meanrev,A152,low
S03669,1,-1.8678,voltimer,A120,high
S03671,0,0.349,trend,A117,low
S03673,0,-0.8913,meanrev,A058,low
S03677,0,-1.6019,trend,A149,low
S03681,0,0.825,trend,A112,low
S03682,0,0.6443,breakout,A036,mid
S03683,0,1.2089,trend,A118,mid
S03684,0,-1.1741,breakout,A057,low
S03685,0,0.9216,voltimer,A073,mid
S03687,0,-0.5172,trend,A147,mid
S03688,0,-0.9051,trend,A121,low
S03689,0,0.6898,trend,A128,low
S03693,0,0.3312,trend,A029,mid
S03695,0,1.5706,breakout,A080,low
S03696,0,0.8999,meanrev,A137,high
S03699,1,-0.7237,voltimer,A136,mid
S03700,1,-1.8555,breakout,A157,mid
S03703,1,0.7677,voltimer,A157,high
S03705,1,1.0373,voltimer,A034,high
S03706,0,1.3787,voltimer,A062,high
S03707,1,1.2036,breakout,A121,mid
S03708,0,-0.4997,breakout,A080,low
S03709,1,1.1469,meanrev,A084,low
S03710,0,-0.2226,meanrev,A117,low
S03713,0,-1.1354,voltimer,A059,high
S03716,1,1.3611,trend,A065,low
S03718,0,1.4989,voltimer,A035,mid
S03719,0,0.2197,voltimer,A096,high
S03720,0,-0.1534,trend,A032,mid
S03721,0,0.188,voltimer,A157,high
S03722,0,-0.7877,meanrev,A127,mid
S03725,0,0.4167,breakout,A019,mid
S03726,1,1.2728,voltimer,A130,high
S03728,0,-3.0214,breakout,A053,low
S03729,1,-0.0925,meanrev,A157,high
S03732,0,-1.2744,voltimer,A127,high
S03733,0,-0.3158,trend,A147,mid
S03740,1,-0.3236,breakout,A014,mid
S03742,1,-0.2017,trend,A128,low
S03744,1,1.1681,meanrev,A059,high
S03745,0,0.9874,trend,A096,high
S03749,0,2.4392,voltimer,A089,high
S03753,1,1.6998,breakout,A029,high
S03758,0,-0.667,meanrev,A057,mid
S03759,0,-0.7653,meanrev,A125,low
S03763,0,0.9568,trend,A080,low
S03764,0,-2.6942,breakout,A080,low
S03765,0,2.6503,voltimer,A016,mid
S03768,1,-0.4068,trend,A117,mid
S03769,1,1.8016,breakout,A016,high
S03772,0,1.3378,breakout,A014,high
S03773,0,-0.3745,trend,A149,low
S03774,0,-0.0464,voltimer,A096,low
S03776,1,1.3265,trend,A125,high
S03777,1,-1.2449,meanrev,A132,mid
S03786,0,0.1439,breakout,A076,low
S03788,1,1.2179,voltimer,A012,high
S03791,0,-0.0927,trend,A019,high
S03792,1,2.2489,voltimer,A047,high
S03795,0,1.3183,trend,A011,mid
S03797,0,0.1008,breakout,A035,low
S03804,1,1.236,trend,A128,mid
S03805,0,1.153,voltimer,A035,high
S03807,0,-2.7209,meanrev,A128,high
S03808,0,1.2846,trend,A067,mid
S03817,1,-0.1212,trend,A062,high
S03818,0,1.7323,voltimer,A080,high
S03819,0,-1.6821,trend,A149,low
S03820,1,-0.5268,meanrev,A058,high
S03822,1,-0.1777,breakout,A008,low
S03823,0,0.9769,voltimer,A147,high
S03824,0,2.941,breakout,A125,high
S03826,1,2.6391,meanrev,A022,mid
S03832,1,0.1008,breakout,A035,low
S03833,0,1.5597,meanrev,A096,high
S03835,1,-0.7743,meanrev,A047,low
S03836,0,1.3262,trend,A089,high
S03838,1,1.3516,breakout,A012,low
S03839,1,-0.3976,trend,A154,mid
S03844,0,0.7227,trend,A117,low
S03846,1,0.0182,breakout,A005,high
S03849,0,0.1255,trend,A088,low
S03850,0,-0.034,meanrev,A147,mid
S03854,0,-0.1075,trend,A096,mid
S03856,0,-1.3603,trend,A057,low
S03862,0,-0.9601,voltimer,A057,low
S03863,0,-0.1678,trend,A130,mid
S03864,0,2.9044,voltimer,A089,high
S03867,1,0.2598,breakout,A084,high
S03871,1,-1.5516,trend,A157,high
S03873,1,1.1821,meanrev,A056,mid
S03874,0,-0.0951,meanrev,A019,low
S03876,1,-1.4179,meanrev,A043,high
S03883,0,0.0285,meanrev,A118,mid
S03884,1,0.7643,trend,A038,high
S03885,1,0.1031,meanrev,A035,mid
S03887,0,-1.1757,voltimer,A137,high
S03890,0,0.5267,breakout,A112,low
S03893,0,0.2022,breakout,A056,low
S03895,0,1.8216,voltimer,A112,high
S03898,1,0.4568,voltimer,A107,high
S03901,1,0.4965,trend,A078,low
S03903,0,1.3944,voltimer,A056,mid
S03904,0,1.423,breakout,A019,high
S03905,1,0.7229,trend,A156,high
S03908,0,-1.0573,breakout,A005,low
S03910,0,-0.6403,meanrev,A099,low
S03915,0,0.2236,trend,A019,high
S03916,0,0.4854,breakout,A078,mid
S03918,1,1.6618,breakout,A154,mid
S03919,1,0.0895,trend,A007,high
S03923,0,-0.2455,breakout,A096,mid
S03925,0,-0.4627,voltimer,A119,low
S03928,0,0.6242,breakout,A062,mid
S03929,0,2.6357,meanrev,A133,low
S03931,1,-0.3883,meanrev,A117,high
S03933,1,-1.4037,breakout,A059,low
S03934,0,-0.3024,trend,A157,low
S03937,0,0.057,meanrev,A029,mid
S03939,1,1.6392,breakout,A032,high
S03946,1,1.5567,meanrev,A137,high
S03948,0,-0.1332,meanrev,A067,mid
S03951,1,2.3029,trend,A031,high
S03954,0,-0.8336,meanrev,A057,low
S03955,1,0.1853,meanrev,A067,low
S03956,1,0.112,breakout,A008,mid
S03957,0,0.2573,trend,A047,low
S03960,0,-0.3963,meanrev,A029,low
S03961,0,-0.0732,breakout,A107,mid
S03962,1,0.8732,breakout,A065,low
S03963,0,-0.416,meanrev,A157,mid
S03965,1,1.5875,meanrev,A080,high
S03966,0,2.5234,trend,A045,low
S03967,0,-1.644,trend,A012,low
S03968,1,0.4649,breakout,A072,mid
S03973,0,1.6189,meanrev,A029,mid
S03977,1,1.2172,breakout,A130,mid
S03978,0,-0.3216,meanrev,A130,low
S03982,0,-0.8209,voltimer,A147,mid
S03986,1,-2.6778,trend,A152,high
S03987,1,3.235,breakout,A045,low
S03989,1,0.5096,trend,A096,mid
S03992,0,-2.4987,trend,A121,mid
S03996,1,0.4168,meanrev,A120,high
S03999,0,-0.2329,trend,A065,low
S04000,1,1.7804,breakout,A146,high
S04010,0,0.8211,meanrev,A084,low
S04011,1,0.9264,trend,A034,mid
S04012,0,0.4134,voltimer,A117,mid
S04013,1,3.25,voltimer,A045,mid
S04020,0,1.1457,meanrev,A104,mid
S04021,1,0.462,trend,A157,mid
S04022,1,-1.4736,trend,A059,high
S04024,0,0.1495,voltimer,A019,high
S04027,0,-2.2854,breakout,A053,low
S04028,0,0.5723,meanrev,A118,mid
S04032,0,0.9495,trend,A036,mid
S04038,0,0.8494,voltimer,A073,mid
S04041,0,-1.3778,breakout,A057,low
S04042,0,-0.1168,trend,A120,mid
S04049,0,0.1063,trend,A119,low
S04055,0,0.1439,breakout,A076,low
S04059,0,-1.1454,trend,A149,low
S04066,0,0.7243,trend,A112,low
S04069,0,-1.0061,trend,A053,low
S04070,1,-0.5691,trend,A123,low
S04071,1,1.2226,voltimer,A008,high
S04084,1,0.3719,voltimer,A128,high
S04088,0,-0.183,trend,A099,mid
S04091,1,0.3513,breakout,A118,mid
S04092,0,-3.4893,voltimer,A107,high
S04093,0,0.952,voltimer,A008,mid
S04094,0,-0.3645,trend,A038,low
S04096,0,0.6865,voltimer,A119,low
S04097,0,-0.1001,trend,A088,low
S04102,0,3.1783,trend,A045,mid
S04103,0,-0.6808,meanrev,A149,low
S04105,0,1.713,meanrev,A084,low
S04107,1,1.1641,trend,A118,high
S04108,1,1.8316,meanrev,A073,high
S04111,1,2.075,breakout,A102,low
S04113,1,-0.2483,voltimer,A059,high
S04114,0,-0.4357,breakout,A136,mid
S04115,0,0.874,trend,A084,low
S04116,1,-0.7871,breakout,A059,mid
S04119,1,1.9084,voltimer,A014,high
S04120,0,-0.9345,breakout,A157,mid
S04122,0,1.5567,meanrev,A137,mid
S04124,0,-0.4735,trend,A035,mid
S04125,0,0.0099,trend,A154,low
S04127,0,2.9178,breakout,A132,high
S04132,0,1.9792,meanrev,A022,low
S04134,0,-0.2854,breakout,A014,high
S04136,0,-1.1379,meanrev,A125,low
S04138,0,0.7895,voltimer,A034,high
S04140,0,-1.3041,meanrev,A036,mid
S04141,1,-0.228,trend,A088,mid
S04142,1,-1.1236,meanrev,A156,high
S04144,0,1.37,breakout,A011,low
S04146,0,-1.1231,voltimer,A133,mid
S04147,1,1.2484,voltimer,A118,high
S04148,1,-1.2224,trend,A056,mid
S04149,0,0.4463,trend,A019,mid
S04151,0,1.1781,breakout,A029,mid
S04152,1,-0.2216,meanrev,A147,low
S04156,1,-3.3849,voltimer,A152,high
S04161,1,0.9107,breakout,A038,high
S04164,1,1.7322,meanrev,A011,high
S04170,1,3.1968,meanrev,A062,high
S04172,0,0.2985,meanrev,A133,low
S04177,0,0.4355,breakout,A034,low
S04178,0,-0.4357,breakout,A136,mid
S04180,1,1.7938,trend,A008,low
S04186,0,-1.8473,breakout,A133,low
S04187,0,-0.5891,trend,A088,low
S04190,0,2.109,breakout,A089,high
S04193,0,1.6263,trend,A031,mid
S04194,1,1.7761,breakout,A076,high
S04205,0,-1.6356,trend,A157,low
S04206,1,0.1085,trend,A117,low
S04210,1,-0.5235,trend,A005,high
S04211,0,-1.2503,voltimer,A119,low
S04212,1,3.0433,voltimer,A072,high
S04213,0,-0.388,meanrev,A007,low
S04215,1,-0.1944,breakout,A096,high
S04219,1,0.3427,voltimer,A145,high
S04222,1,-1.0373,breakout,A149,high
S04223,0,1.1186,trend,A047,low
S04225,1,-0.6305,breakout,A022,mid
S04229,1,2.6397,voltimer,A047,mid
S04233,0,-1.1098,meanrev,A104,mid
S04236,1,1.379,meanrev,A078,low
S04238,1,-0.2958,trend,A120,mid
S04240,0,-1.5851,trend,A053,low
S04244,1,0.524,meanrev,A019,high
S04246,0,-1.1783,meanrev,A125,low
S04247,0,-2.4171,voltimer,A145,high
S04248,0,0.0,meanrev,A080,mid
S04252,1,2.484,breakout,A132,high
S04253,0,-0.0209,meanrev,A032,mid
S04256,0,0.2015,breakout,A014,low
S04258,1,0.5999,breakout,A119,low
S04265,1,0.0706,breakout,A157,high
S04266,1,0.5477,voltimer,A107,high
S04273,0,2.1538,voltimer,A072,high
S04275,0,1.011,trend,A034,mid
S04276,0,1.2024,trend,A067,mid
S04282,0,1.1656,breakout,A029,mid
S04283,1,1.5226,meanrev,A096,high
S04284,1,-1.1711,voltimer,A053,high
S04285,0,-0.8635,breakout,A121,low
S04286,0,2.952,trend,A125,high
S04297,0,-0.1922,meanrev,A022,low
S04301,0,-0.4197,voltimer,A147,high
S04303,0,1.7368,trend,A102,low
S04307,0,-1.717,voltimer,A005,high
S04309,0,0.1147,meanrev,A062,mid
S04310,0,-1.0644,voltimer,A062,high
S04317,0,0.3547,meanrev,A102,low
S04318,0,-0.3204,meanrev,A080,low
S04320,1,-1.2921,trend,A152,high
S04324,0,1.9671,voltimer,A156,low
S04325,0,0.6634,breakout,A058,high
S04327,0,1.547,meanrev,A104,high
S04328,0,-1.4005,trend,A149,mid
S04330,0,-0.2791,meanrev,A145,low
S04331,0,2.754,trend,A045,low
S04341,0,0.5428,breakout,A072,low
S04342,0,-0.2321,breakout,A080,low
S04343,1,2.4013,trend,A007,high
S04346,0,-0.7871,breakout,A059,low
S04347,0,0.6284,voltimer,A118,high
S04348,1,-0.1937,trend,A120,high
S04349,1,0.0,breakout,A043,mid
S04351,0,-0.1639,breakout,A130,low
S04354,0,0.4732,trend,A104,low
S04358,1,-0.1645,breakout,A076,mid
S04360,0,0.5073,trend,A118,mid
S04363,1,2.1735,meanrev,A043,high
S04366,0,-0.5583,meanrev,A156,low
S04368,0,1.7411,breakout,A011,low
S04370,0,0.3867,meanrev,A136,low
S04372,1,-0.015,breakout,A145,mid
S04381,0,0.5957,voltimer,A067,mid
S04383,0,0.8104,trend,A014,mid
S04385,0,-0.0227,voltimer,A119,low
S04386,1,0.8107,voltimer,A076,high
S04388,1,1.3767,meanrev,A145,mid
S04392,0,-1.6566,breakout,A057,low
S04393,1,0.5632,meanrev,A073,low
S04395,0,-1.4773,trend,A104,low
S04396,0,0.6294,breakout,A084,mid
S04405,1,2.941,breakout,A125,high
S04406,1,1.4074,voltimer,A067,high
S04408,1,0.538,breakout,A130,mid
S04409,0,2.4737,voltimer,A029,high
S04412,0,-1.9719,trend,A137,low
S04413,1,3.0718,trend,A045,mid
S04422,1,0.3851,voltimer,A078,high
S04425,1,1.3516,breakout,A012,mid
S04426,0,1.3185,meanrev,A099,low
S04427,0,0.3091,voltimer,A072,low
S04430,1,1.1944,breakout,A032,mid
S04435,1,2.3442,voltimer,A038,high
S04436,1,2.9178,breakout,A132,high
S04437,0,2.9178,breakout,A132,high
S04439,0,-0.5379,breakout,A147,mid
S04440,1,1.0121,trend,A072,mid
S04441,1,-0.7008,trend,A121,high
S04447,1,0.9877,meanrev,A146,high
S04449,0,0.0459,meanrev,A130,mid
S04450,1,1.5706,breakout,A080,mid
S04454,0,-0.5135,trend,A035,mid
S04457,1,0.0,trend,A127,high
S04460,0,-0.1514,voltimer,A043,mid
S04464,1,0.9287,trend,A008,low
S04466,0,0.6699,breakout,A117,low
S04467,1,0.7299,trend,A133,mid
S04469,0,0.4875,meanrev,A102,low
S04474,1,3.8372,voltimer,A125,high
S04476,0,-0.4157,trend,A152,high
S04481,1,0.0522,breakout,A005,high
S04482,1,0.665,trend,A007,high
S04483,1,-0.205,meanrev,A137,high
S04486,0,-1.3234,voltimer,A146,mid
S04487,0,-1.5741,meanrev,A132,mid
S04489,1,0.9384,trend,A080,low
S04490,1,2.1432,breakout,A156,high
S04492,0,-0.1328,breakout,A005,low
S04493,0,1.3643,meanrev,A034,mid
S04494,0,0.6969,trend,A136,mid
S04495,1,1.4123,trend,A089,high
S04500,0,-1.0535,meanrev,A112,low
S04507,1,3.3476,trend,A045,mid
S04510,0,0.552,breakout,A056,low
S04515,0,0.1705,voltimer,A107,mid
S04517,0,1.9989,voltimer,A080,mid
S04520,1,3.2337,meanrev,A080,mid
S04521,1,-1.3776,breakout,A152,high
S04525,0,-0.4364,meanrev,A058,high
S04527,0,0.7776,voltimer,A133,high
S04531,0,0.6893,voltimer,A080,mid
S04532,0,1.0049,voltimer,A118,high
S04533,0,-1.6726,breakout,A088,low
S04535,1,1.1068,voltimer,A065,high
S04542,0,0.54,breakout,A118,high
S04544,0,0.6433,trend,A136,low
S04556,0,0.0552,trend,A117,low
S04557,0,0.0915,trend,A112,mid
S04560,1,3.1605,voltimer,A089,high
S04562,1,2.3824,voltimer,A016,mid
S04563,0,1.9726,meanrev,A136,mid
S04566,1,0.5804,trend,A084,high
S04568,0,0.4215,voltimer,A128,low
S04571,0,1.121,trend,A032,mid
S04575,1,0.373,meanrev,A057,high
S04577,0,-0.4781,breakout,A157,mid
S04578,0,3.1555,trend,A045,low
S04579,0,1.3008,voltimer,A056,mid
S04580,1,1.847,voltimer,A014,high
S04581,0,-0.7926,voltimer,A036,high
S04582,0,-0.3714,trend,A062,high
S04584,1,2.7168,voltimer,A125,high
S04586,0,-1.2408,voltimer,A157,mid
S04590,0,0.6219,breakout,A123,low
S04593,0,-1.5779,trend,A012,mid
S04594,1,0.6761,trend,A076,mid
S04595,0,-0.391,meanrev,A011,low
S04597,0,-0.0826,breakout,A149,mid
S04601,1,1.7411,breakout,A011,low
S04602,1,-0.4572,meanrev,A137,high
S04604,1,-1.2197,breakout,A152,high
S04605,0,1.7506,voltimer,A102,low
S04606,0,1.4786,breakout,A146,high
S04608,1,2.4814,voltimer,A058,high
S04609,1,0.7698,breakout,A062,mid
S04612,0,0.3065,voltimer,A022,high
S04615,0,-0.3851,meanrev,A062,mid
S04617,1,1.3016,trend,A099,high
S04618,1,0.5905,voltimer,A127,high
S04620,0,1.6864,trend,A102,low
S04625,0,-1.231,trend,A137,mid
S04626,0,-2.8821,voltimer,A149,high
S04627,0,-1.9782,meanrev,A132,mid
S04628,0,0.6231,breakout,A137,low
S04629,1,1.233,voltimer,A119,low
S04630,0,0.0053,voltimer,A117,low
S04632,0,-3.337,trend,A121,mid
S04636,0,-0.855,trend,A127,high
S04639,0,0.0182,breakout,A005,low
S04640,0,0.0175,meanrev,A123,low
S04641,1,-1.1184,breakout,A149,high
S04647,0,-0.4818,breakout,A053,mid
S04648,0,0.5154,breakout,A036,mid
S04651,0,-0.2271,meanrev,A011,low
S04652,0,0.7829,breakout,A119,low
S04658,1,0.5617,trend,A146,high
S04659,0,0.2061,meanrev,A096,high
S04663,0,2.0187,meanrev,A006,mid
S04666,0,0.6635,trend,A084,low
S04670,0,1.8422,breakout,A067,low
S04671,1,0.0124,trend,A154,mid
S04675,0,-0.8195,meanrev,A152,low
S04676,0,1.5778,voltimer,A058,high
S04679,1,1.3759,trend,A067,mid
S04682,0,0.1031,meanrev,A035,low
S04685,0,1.6666,breakout,A016,low
S04686,1,1.5822,voltimer,A072,mid
S04690,0,0.6578,trend,A132,high
S04691,0,0.3591,meanrev,A123,low
S04694,0,-1.4052,trend,A012,mid
S04701,1,1.2975,trend,A125,high
S04702,0,0.0555,meanrev,A117,low
S04703,0,1.5139,breakout,A130,low
S04705,0,3.3912,breakout,A125,high
S04706,0,0.5449,meanrev,A096,mid
S04710,1,1.8279,trend,A099,mid
S04711,0,0.048,trend,A038,mid
S04714,1,0.9738,trend,A047,high
S04716,0,-0.8017,meanrev,A152,low
S04719,0,-0.5205,breakout,A059,low
S04721,1,0.2448,voltimer,A032,high
S04722,0,-0.6997,breakout,A014,low
S04724,0,-0.7582,trend,A057,low
S04725,0,0.6949,voltimer,A084,high
S04728,1,2.3177,voltimer,A096,high
S04729,0,1.1522,breakout,A078,low
S04732,1,-1.9712,trend,A137,mid
S04734,1,1.6485,trend,A007,high
S04735,1,2.4347,voltimer,A029,high
S04738,1,-1.0829,meanrev,A147,mid
S04739,1,2.428,breakout,A156,mid
S04741,1,3.6732,trend,A045,high
S04745,1,0.9665,meanrev,A104,high
S04748,0,-1.6172,meanrev,A031,mid
S04750,1,1.9857,breakout,A073,mid
S04751,1,1.0558,voltimer,A019,high
S04754,1,1.0829,voltimer,A096,high
S04761,0,0.6242,breakout,A062,mid
S04762,1,-0.6526,trend,A053,mid
S04763,1,2.9645,voltimer,A058,high
S04764,1,0.4892,trend,A096,high
S04765,1,3.6533,meanrev,A136,mid
S04769,0,0.1848,trend,A136,mid
S04772,1,1.5713,meanrev,A059,high
S04774,1,2.5795,voltimer,A088,mid
S04776,0,-1.5718,trend,A107,mid
S04780,0,1.9073,meanrev,A088,low
S04784,0,-0.4038,trend,A043,low
S04788,1,-0.3479,trend,A043,mid
S04790,0,0.7165,trend,A029,mid
S04791,1,1.0522,meanrev,A011,high
S04793,0,-0.5092,meanrev,A059,mid
S04794,0,0.4108,meanrev,A157,high
S04795,0,0.4769,trend,A065,low
S04796,1,2.7485,voltimer,A072,mid
S04799,0,-0.838,voltimer,A047,high
S04805,0,2.0909,meanrev,A078,low
S04807,0,-0.4573,meanrev,A137,mid
S04809,1,-0.1751,breakout,A019,mid
S04810,1,-0.3699,trend,A007,high
S04811,1,1.4154,trend,A102,low
S04814,1,1.9985,trend,A006,high
S04815,0,0.1396,meanrev,A072,low
S04817,1,-0.3358,voltimer,A157,high
S04819,0,0.7373,meanrev,A136,mid
S04820,1,1.6486,meanrev,A078,mid
S04821,1,2.471,breakout,A102,low
S04824,1,1.034,trend,A119,low
S04829,1,2.1734,trend,A132,high
S04834,0,0.9237,breakout,A006,mid
S04838,0,1.6998,breakout,A029,mid
S04839,0,0.3513,breakout,A047,low
S04842,1,0.3017,breakout,A127,high
S04846,1,1.7804,voltimer,A014,high
S04849,1,-0.0827,trend,A076,mid
S04852,0,-1.0171,breakout,A127,mid
S04855,1,2.6536,breakout,A031,high
S04856,1,0.5769,voltimer,A036,mid
S04858,0,0.0357,breakout,A032,mid
S04861,1,2.6536,breakout,A031,high
S04862,0,0.1213,voltimer,A031,high
S04863,1,-0.3378,trend,A022,mid
S04870,0,-2.2879,trend,A121,mid
S04871,1,2.5902,meanrev,A154,low
S04873,0,0.1822,meanrev,A056,low
S04875,0,0.1955,trend,A123,low
S04881,0,-1.1398,voltimer,A130,mid
S04883,1,-0.8113,meanrev,A012,high
S04884,0,-0.8519,breakout,A120,mid
S04886,0,2.9178,breakout,A132,high
S04888,1,3.112,breakout,A045,low
S04889,0,-0.7643,meanrev,A043,mid
S04894,1,1.8513,voltimer,A156,mid
S04895,0,0.172,meanrev,A038,low
S04897,1,1.4067,trend,A146,high
S04898,1,1.8212,voltimer,A123,high
S04899,1,2.1467,breakout,A006,mid
S04900,0,2.4344,voltimer,A062,mid
S04901,1,1.1515,meanrev,A032,high
S04905,1,1.8258,meanrev,A120,high
S04906,0,1.4133,trend,A058,high
S04908,0,-2.1915,trend,A137,low
S04909,0,-0.1582,voltimer,A073,high
S04910,0,-0.1637,breakout,A080,low
S04911,1,1.4119,breakout,A032,high
S04912,1,0.6665,breakout,A034,low
S04915,0,0.5154,breakout,A036,low
S04916,1,0.5478,breakout,A123,mid
S04918,0,-1.2874,breakout,A043,low
S04919,0,-1.6268,trend,A149,low
S04921,1,0.4128,trend,A118,high
S04924,1,0.531,breakout,A036,high
S04926,0,0.2998,trend,A128,low
S04928,0,-1.0364,meanrev,A127,mid
S04930,1,1.5868,trend,A011,low
S04934,1,0.5633,trend,A029,mid
S04935,1,1.291,trend,A119,low
S04936,0,0.4695,meanrev,A035,low
S04942,0,-1.8473,breakout,A133,low
S04944,0,0.3953,meanrev,A019,mid
S04946,0,2.4073,breakout,A156,low
S04947,1,1.0216,meanrev,A076,mid
S04948,0,-0.4702,meanrev,A149,low
S04950,0,0.269,voltimer,A019,high
S04951,1,1.7305,meanrev,A034,mid
S04953,0,-0.1328,breakout,A005,low
S04954,1,-1.6482,voltimer,A146,mid
S04956,0,1.805,voltimer,A088,mid
S04959,0,0.8684,trend,A076,low
S04960,0,0.8672,trend,A145,mid
S04961,0,-0.6518,meanrev,A035,low
S04963,0,-0.1111,trend,A120,mid
S04966,1,-1.6593,trend,A059,mid
S04970,0,-2.2096,trend,A032,low
S04974,0,1.1781,breakout,A029,mid
S04975,1,0.4242,voltimer,A062,high
S04976,1,0.5344,breakout,A137,high
S04978,0,1.1522,breakout,A078,low
S04979,0,1.0459,trend,A065,low
S04981,1,-1.4372,trend,A157,low
S04983,1,0.7212,trend,A104,low
S04988,0,-0.9865,meanrev,A112,low
S04990,0,0.2519,breakout,A104,low
S04992,1,-0.2524,trend,A032,high
S04994,0,0.3711,breakout,A102,low
S04995,1,1.0845,meanrev,A119,low
S04996,0,0.2993,voltimer,A104,high
S05004,1,2.1242,breakout,A031,high
S05009,0,0.5267,breakout,A112,low
S05013,1,1.7761,breakout,A076,mid
S05017,1,1.3686,voltimer,A012,high
S05018,0,1.3712,breakout,A089,high
S05022,0,-1.588,meanrev,A014,low
S05024,0,1.587,voltimer,A014,high
S05029,0,0.9957,meanrev,A006,low
S05033,1,1.8306,trend,A011,high
S05036,0,0.9304,voltimer,A007,high
S05042,1,3.0667,voltimer,A029,high
S05043,0,0.0777,trend,A120,mid
S05045,0,-0.381,breakout,A112,low
S05046,1,-0.1814,meanrev,A152,mid
S05049,0,0.8822,voltimer,A006,low
S05050,1,1.1781,breakout,A029,mid
S05060,0,0.3382,meanrev,A007,low
S05063,0,1.3516,breakout,A012,mid
S05065,1,1.4118,meanrev,A007,mid
S05071,0,-1.1246,breakout,A121,low
S05073,0,0.6634,breakout,A058,high
S05074,1,-0.7342,trend,A149,low
S05076,1,1.1296,trend,A006,mid
S05077,1,2.1096,voltimer,A034,high
S05078,1,0.7305,trend,A136,high
S05082,0,1.045,trend,A072,low
S05084,1,4.1735,voltimer,A121,high
S05085,0,0.2906,trend,A032,mid
S05089,0,0.3946,trend,A118,mid
S05091,0,2.0019,meanrev,A154,low
S05094,0,-0.5379,breakout,A147,mid
S05095,1,1.0097,breakout,A112,mid
S05097,1,2.2799,voltimer,A016,high
S05101,0,0.6193,trend,A034,mid
S05106,1,-0.2501,breakout,A136,mid
S05107,1,1.9973,trend,A102,low
S05108,1,0.6558,breakout,A036,high
S05109,0,-1.9872,breakout,A145,mid
S05112,0,1.6666,breakout,A016,low
S05117,1,1.7377,meanrev,A156,high
S05120,1,1.3061,voltimer,A008,high
S05122,0,-2.5421,breakout,A145,mid
S05128,0,1.057,breakout,A029,mid
S05129,0,-0.3484,trend,A147,mid
S05131,1,1.9078,voltimer,A145,high
S05132,1,0.0826,breakout,A136,high
S05136,1,1.3807,meanrev,A102,low
S05140,1,1.1178,meanrev,A099,low
S05141,0,1.1772,meanrev,A136,low
S05142,0,1.3887,voltimer,A014,low
S05143,0,-0.3919,voltimer,A036,mid
S05144,1,1.3656,trend,A084,high
S05152,1,1.626,meanrev,A154,low
S05155,0,-0.0703,trend,A146,high
S05158,1,0.8045,trend,A034,mid
S05159,0,-0.2836,voltimer,A008,high
S05160,0,-0.6341,trend,A022,high
S05163,0,2.484,breakout,A132,high
S05171,1,1.0172,breakout,A119,high
S05177,1,1.6324,trend,A067,high
S05180,1,1.4954,trend,A080,mid
S05185,0,1.3571,voltimer,A078,low
S05186,0,-0.3302,meanrev,A005,mid
S05187,0,0.5116,trend,A146,high
S05190,0,-1.1606,voltimer,A053,high
S05198,1,1.9047,breakout,A132,high
S05201,0,0.3558,trend,A065,low
S05202,0,-2.2881,voltimer,A127,high
S05204,1,-1.7078,breakout,A053,high
S05205,0,-0.4994,meanrev,A043,high
S05206,1,1.5763,breakout,A056,mid
S05209,0,-0.2888,trend,A007,high
S05213,1,-0.4754,breakout,A121,low
S05214,0,0.2709,trend,A073,low
S05215,1,2.2987,meanrev,A154,high
S05216,0,0.6219,breakout,A123,low
S05217,0,-0.5459,trend,A062,mid
S05218,0,0.7258,voltimer,A112,low
S05220,0,1.1772,trend,A014,high
S05221,0,-1.1366,trend,A012,mid
S05222,1,2.473,meanrev,A084,low
S05229,0,-0.9282,trend,A012,mid
S05233,1,-1.7859,voltimer,A057,high
S05240,0,1.17,meanrev,A156,low
S05243,0,-2.2391,breakout,A152,mid
S05244,1,0.5949,breakout,A104,low
S05246,1,-0.8519,breakout,A120,high
S05247,0,-0.4453,voltimer,A031,high
S05248,0,-1.0059,trend,A088,low
S05250,0,-0.8472,breakout,A123,low
S05251,0,-0.0085,breakout,A035,mid
S05264,1,2.1649,meanrev,A112,low
S05268,0,1.0155,voltimer,A034,low
S05269,1,0.8308,breakout,A056,high
S05274,1,1.2416,voltimer,A011,high
S05285,1,-0.5179,voltimer,A121,high
S05286,0,1.3675,trend,A058,high
S05300,0,0.6377,meanrev,A118,mid
S05302,1,-1.4927,meanrev,A047,mid
S05303,0,-1.0171,breakout,A127,mid
S05305,1,-0.1303,breakout,A035,mid
S05308,0,-0.4847,voltimer,A076,high
S05317,0,2.2738,voltimer,A099,low
S05319,0,0.3513,breakout,A047,low
S05320,0,3.0233,voltimer,A099,high
S05325,0,1.3872,meanrev,A123,mid
S05326,0,1.0098,voltimer,A112,high
S05337,0,-1.2235,voltimer,A157,mid
S05338,0,1.8024,breakout,A089,high
S05343,1,1.0431,voltimer,A006,mid
S05344,1,0.047,breakout,A043,mid
S05345,1,1.638,breakout,A056,mid
S05347,0,0.0744,breakout,A014,high
S05349,0,-0.8519,breakout,A120,mid
S05352,0,2.2147,voltimer,A014,high
S05354,1,2.3791,trend,A125,high
S05356,0,-1.2866,breakout,A121,low
S05363,0,-0.558,meanrev,A016,low
S05364,0,1.1079,trend,A067,mid
S05370,0,1.4404,breakout,A078,low
S05377,1,0.8322,breakout,A118,high
S05378,0,0.9929,trend,A125,high
S05379,1,1.5334,meanrev,A102,low
S05380,1,1.7411,breakout,A011,mid
S05381,1,1.4101,meanrev,A146,high
S05385,1,-0.7956,meanrev,A031,mid
S05386,0,-1.4672,meanrev,A047,mid
S05390,1,-0.2553,meanrev,A022,low
S05391,0,-0.0514,trend,A119,low
S05392,1,1.7941,voltimer,A056,high
S05394,0,-0.8137,breakout,A120,mid
S05396,0,-0.3534,breakout,A035,low
S05397,1,0.0489,trend,A012,mid
S05398,0,0.7622,trend,A146,high
S05400,1,1.4088,trend,A156,low
S05404,1,1.2176,trend,A146,high
S05406,0,0.1118,breakout,A118,high
S05408,0,2.4663,meanrev,A059,mid
S05410,0,1.1522,breakout,A078,low
S05412,1,1.4982,voltimer,A123,mid
S05413,0,2.2174,meanrev,A154,mid
S05415,0,0.8658,trend,A008,low
S05416,0,-1.2919,trend,A157,mid
S05417,0,2.6536,breakout,A031,mid
S05418,0,-1.9042,breakout,A145,high
S05419,1,0.6305,trend,A149,mid
S05422,1,1.5417,trend,A034,high
S05423,0,-0.0408,voltimer,A008,mid
S05424,0,-0.3948,breakout,A062,mid
S05425,0,1.104,voltimer,A038,low
S05428,1,-0.6223,meanrev,A005,mid
S05429,0,-0.7361,voltimer,A154,mid
S05433,0,0.0848,trend,A007,mid
S05434,0,-0.6695,meanrev,A014,low
S05437,0,-1.926,voltimer,A146,high
S05439,0,2.0617,meanrev,A154,low
S05440,0,-0.1835,breakout,A128,low
S05441,0,2.0739,trend,A006,low
S05443,0,1.3309,voltimer,A007,high
S05445,0,-0.498,voltimer,A154,mid
S05450,1,0.2266,meanrev,A152,mid
S05451,0,1.8831,voltimer,A006,mid
S05452,0,0.617,trend,A078,low
S05456,0,-1.1626,voltimer,A137,mid
S05459,1,1.3866,trend,A072,mid
S05464,1,-0.5718,meanrev,A121,low
S05465,0,0.9408,trend,A145,mid
S05467,0,0.14,meanrev,A096,high
S05468,0,-0.922,meanrev,A008,mid
S05473,0,0.6953,trend,A084,low
S05475,0,-0.574,meanrev,A056,mid
S05477,1,0.237,breakout,A034,mid
S05480,0,-1.6734,meanrev,A107,mid
S05482,0,-0.2991,trend,A022,mid
S05483,1,0.6731,meanrev,A056,high
S05489,1,0.5453,trend,A088,mid
S05491,1,-0.4308,trend,A120,high
S05492,0,1.2869,meanrev,A123,low
S05493,0,0.3277,voltimer,A117,mid
S05496,0,0.0371,voltimer,A104,mid
S05500,1,0.056,trend,A029,high
S05501,1,1.8448,meanrev,A145,mid
S05503,1,-1.2477,breakout,A032,high
S05507,0,-1.6566,breakout,A057,low
S05508,1,-0.8167,meanrev,A038,mid
S05509,0,-1.8512,voltimer,A146,low
S05516,1,-0.3108,meanrev,A047,high
S05518,0,-0.6086,voltimer,A096,mid
S05519,1,-2.0968,voltimer,A107,high
S05520,0,0.3298,breakout,A065,low
S05522,0,-1.5815,breakout,A152,low
S05524,0,1.2884,meanrev,A067,mid
S05527,1,2.1307,meanrev,A059,high
S05528,1,1.6885,trend,A058,high
S05531,1,1.1327,trend,A073,low
S05532,0,-0.5291,voltimer,A147,low
S05533,1,0.0884,breakout,A128,high
S05536,0,-0.4433,meanrev,A152,low
S05541,1,-0.0223,trend,A043,mid
S05544,0,-3.5476,voltimer,A152,high
S05548,0,-0.2594,meanrev,A145,low
S05549,0,0.6478,meanrev,A045,mid
S05550,1,-0.7629,breakout,A152,high
S05553,0,-1.3679,meanrev,A058,high
S05554,0,-0.1754,trend,A065,low
S05557,0,1.4786,breakout,A146,high
S05562,0,-1.0171,breakout,A127,mid
S05563,0,-0.4624,trend,A133,low
S05571,0,-1.9206,meanrev,A047,low
S05572,0,-0.5066,breakout,A034,low
S05574,0,0.0726,breakout,A133,low
S05578,1,1.2451,meanrev,A034,high
S05579,0,1.6096,meanrev,A157,high
S05590,1,1.121,trend,A032,high
S05592,1,0.8637,trend,A073,low
S05593,1,2.5243,voltimer,A007,high
S05594,0,1.7732,breakout,A031,high
S05596,1,2.8247,voltimer,A011,mid
S05600,0,2.9269,voltimer,A089,high
S05606,0,-1.3034,breakout,A088,low
S05611,1,0.8598,breakout,A065,low
S05614,1,-1.8883,breakout,A152,high
S05616,0,0.3243,breakout,A119,low
S05619,0,-1.2648,voltimer,A127,high
S05620,1,0.6847,voltimer,A132,high
S05624,0,2.1,voltimer,A104,mid
S05627,1,-0.2718,breakout,A062,high
S05628,1,1.488,breakout,A058,high
S05629,0,0.3711,breakout,A102,low
S05633,1,1.8845,breakout,A073,mid
S05642,0,0.1271,voltimer,A065,high
S05643,0,-0.2537,breakout,A022,mid
S05648,1,-0.1119,trend,A005,high
S05652,1,0.1165,breakout,A035,low
S05653,1,2.1698,meanrev,A045,low
S05658,1,-0.185,trend,A088,low
S05660,1,-0.1764,breakout,A120,high
S05664,0,1.423,breakout,A019,high
S05666,0,1.6805,voltimer,A016,low
S05667,0,1.6666,breakout,A016,low
S05670,1,-0.9536,meanrev,A127,high
S05671,1,3.7609,voltimer,A045,mid
S05674,1,-0.6078,breakout,A053,mid
S05677,0,-0.338,meanrev,A062,mid
S05679,1,-0.3245,meanrev,A121,low
S05680,1,-0.744,trend,A157,high
S05681,0,1.2422,meanrev,A088,low
S05682,1,1.5614,trend,A102,mid
S05690,0,2.1374,voltimer,A007,high
S05691,1,3.6659,voltimer,A125,high
S05692,0,-1.3188,voltimer,A121,high
S05693,0,0.5652,meanrev,A043,mid
S05696,0,-0.2594,meanrev,A145,low
S05697,1,2.341,meanrev,A136,mid
S05698,1,-0.8472,breakout,A123,low
S05699,0,-1.1062,meanrev,A007,low
S05702,0,0.6391,trend,A014,high
S05705,1,0.9907,trend,A008,high
S05706,0,0.3236,voltimer,A123,high
S05707,0,-0.5711,voltimer,A154,mid
S05709,0,0.6344,trend,A029,mid
S05711,0,1.2608,trend,A132,high
S05714,0,2.5934,voltimer,A047,mid
S05716,0,1.216,trend,A034,mid
S05718,1,1.3246,meanrev,A096,high
S05720,0,-0.8442,meanrev,A146,low
S05722,0,0.3172,meanrev,A102,low
S05725,1,1.7451,breakout,A072,low
S05731,1,0.3128,trend,A014,high
S05732,1,0.8483,trend,A112,mid
S05734,1,0.8714,breakout,A058,high
S05735,1,-0.4717,voltimer,A123,low
S05738,0,1.4034,voltimer,A078,low
S05739,0,-0.6503,meanrev,A146,low
S05740,0,2.2509,meanrev,A125,mid
S05743,0,1.1596,trend,A072,low
S05744,1,3.4495,breakout,A089,high
S05745,0,-1.3359,trend,A137,mid
S05750,0,0.0647,breakout,A022,mid
S05754,1,1.7119,voltimer,A038,high
S05761,0,0.954,breakout,A123,low
S05763,0,-0.2443,meanrev,A043,low
S05764,0,0.8512,trend,A078,low
S05765,1,2.7514,meanrev,A125,high
S05769,1,-0.7863,trend,A057,high
S05771,0,-1.9,meanrev,A132,mid
S05772,1,3.4332,voltimer,A089,high
S05774,1,1.5209,meanrev,A119,low
S05775,0,-2.2895,meanrev,A038,low
S05778,0,0.1201,trend,A154,low
S05781,1,-1.0373,breakout,A149,high
S05782,0,-1.1736,trend,A043,low
S05786,0,0.609,meanrev,A080,mid
S05787,0,0.4588,trend,A128,low
S05788,1,0.0516,breakout,A127,high
S05789,0,-0.9484,trend,A157,mid
S05790,0,0.6294,breakout,A084,mid
S05795,0,0.3711,breakout,A102,low
S05798,0,1.102,voltimer,A072,high
S05800,0,1.639,meanrev,A104,high
S05804,0,0.2808,trend,A112,mid
S05805,1,1.1148,trend,A133,high
S05808,1,0.3576,trend,A128,mid
S05811,0,0.028,meanrev,A156,mid
S05813,1,-0.4878,trend,A107,high
S05815,0,0.9726,meanrev,A088,mid
S05816,0,0.9107,breakout,A038,low
S05818,0,-0.2687,breakout,A008,low
S05822,1,1.1362,meanrev,A036,high
S05823,1,1.5384,breakout,A047,mid
S05826,0,-0.6302,meanrev,A125,low
S05827,0,0.4415,trend,A145,mid
S05828,0,-2.4402,meanrev,A038,low
S05829,1,-0.2441,meanrev,A104,low
S05830,0,-2.2213,voltimer,A016,mid
S05831,1,1.8425,meanrev,A076,mid
S05832,0,0.521,trend,A078,mid
S05834,1,0.9821,meanrev,A072,low
S05839,1,-1.3057,meanrev,A038,mid
S05842,0,1.485,breakout,A146,mid
S05843,1,-0.1819,voltimer,A076,high
S05847,1,0.9107,breakout,A038,high
S05851,1,0.8974,meanrev,A102,low
S05853,1,2.0726,voltimer,A078,mid
S05854,1,0.1754,meanrev,A132,mid
S05855,0,0.6797,trend,A125,high
S05856,1,0.0233,meanrev,A038,high
S05857,0,-0.0826,breakout,A149,mid
S05858,0,1.485,breakout,A146,mid
S05862,0,1.1543,trend,A065,low
S05867,0,1.2709,voltimer,A067,mid
S05869,1,1.463,voltimer,A132,mid
S05871,0,-0.2258,meanrev,A146,low
S05872,1,1.2197,breakout,A019,high
S05873,0,-0.2718,breakout,A062,mid
S05875,0,1.1318,voltimer,A078,high
S05876,0,1.592,meanrev,A011,low
S05881,0,0.2845,voltimer,A019,mid
S05883,0,-1.7451,voltimer,A112,high
S05891,0,0.5691,meanrev,A102,low
S05892,0,0.1374,trend,A104,low
S05893,0,0.3436,trend,A112,mid
S05894,1,-1.1846,trend,A127,high
S05896,0,0.9886,trend,A156,low
S05901,0,1.3735,meanrev,A120,mid
S05908,1,2.2361,trend,A099,high
S05912,0,0.7988,voltimer,A132,mid
S05913,0,0.395,meanrev,A032,mid
S05914,0,-0.3927,meanrev,A145,low
S05915,0,1.8053,meanrev,A067,mid
S05916,0,1.243,meanrev,A065,high
S05917,0,2.0129,breakout,A067,mid
S05918,1,0.2027,breakout,A059,high
S05920,1,0.2519,breakout,A104,low
S05922,0,-0.8836,meanrev,A012,mid
S05923,1,0.9238,meanrev,A125,low
S05927,1,1.9419,meanrev,A067,high
S05928,0,1.2145,voltimer,A096,low
S05929,1,-0.0664,trend,A019,mid
S05932,1,2.2389,voltimer,A035,mid
S05937,0,3.3528,breakout,A045,low
S05938,1,-0.3152,breakout,A088,mid
S05939,0,1.423,breakout,A019,mid
S05943,0,-0.8746,meanrev,A121,mid
S05944,0,1.0097,breakout,A065,low
S05945,1,0.2849,breakout,A080,low
S05949,1,2.4314,meanrev,A089,mid
S05951,0,1.8022,breakout,A006,mid
S05959,0,1.2938,trend,A089,high
S05960,1,1.754,meanrev,A123,mid
S05962,0,0.2906,trend,A032,mid
S05965,0,2.0844,trend,A125,high
S05967,1,-0.0428,meanrev,A149,low
S05972,1,1.552,trend,A147,high
S05977,0,-2.2494,voltimer,A059,low
S05979,0,-1.0171,breakout,A127,mid
S05987,0,3.5219,breakout,A125,high
S05990,0,1.8217,breakout,A089,high
S05993,0,1.2795,meanrev,A076,mid
S05998,1,1.0227,breakout,A047,mid
S05999,1,0.752,trend,A029,high
S06000,0,-1.91,trend,A121,mid
S06004,1,2.1492,trend,A031,high
S06008,0,0.7238,trend,A036,low
S06009,0,-1.1098,meanrev,A104,low
S06012,0,-0.9536,trend,A107,high
S06015,0,0.3349,trend,A007,mid
S06019,0,-1.5854,voltimer,A145,high
S06022,0,-1.0406,trend,A059,mid
S06030,1,1.2208,voltimer,A096,high
S06033,1,-0.1151,meanrev,A059,mid
S06034,0,1.3372,breakout,A073,low
S06035,0,-3.3143,meanrev,A053,low
S06040,1,1.579,trend,A058,high
S06041,1,-0.5408,meanrev,A014,mid
S06042,0,0.4476,trend,A065,low
S06043,0,-0.6922,trend,A057,mid
S06044,1,0.1803,meanrev,A123,low
S06045,0,0.1354,voltimer,A078,mid
S06046,0,2.0986,voltimer,A045,low
S06053,0,0.5113,meanrev,A076,high
S06054,1,0.8627,meanrev,A034,mid
S06055,0,-1.0101,voltimer,A012,high
S06057,0,3.1555,trend,A045,mid
S06061,0,0.8969,voltimer,A008,mid
S06063,1,0.8694,trend,A136,mid
S06064,0,1.037,voltimer,A067,low
S06067,0,0.0799,meanrev,A099,low
S06068,0,0.4131,meanrev,A072,low
S06069,1,1.3726,voltimer,A031,high
S06070,0,0.9958,trend,A008,mid
S06071,0,-0.7711,voltimer,A128,high
S06077,0,-0.0449,voltimer,A006,low
S06078,0,-0.9827,meanrev,A065,low
