slate_id,corrupted,mode
S00001,0,none
S00002,0,none
S00003,0,none
S00004,0,none
S00005,1,stale_index
S00006,0,none
S00007,1,popularity_fallback
S00008,1,stale_index
S00009,0,none
S00010,0,none
S00011,0,none
S00012,0,none
S00013,0,none
S00014,0,none
S00015,0,none
S00016,0,none
S00017,1,popularity_fallback
S00019,1,stale_index
S00021,0,none
S00022,0,none
S00023,1,popularity_fallback
S00024,1,price_band_shift
S00025,0,none
S00026,1,price_band_shift
S00027,1,popularity_fallback
S00028,1,popularity_fallback
S00029,1,stale_index
S00030,0,none
S00031,0,none
S00032,1,popularity_fallback
S00033,0,none
S00034,1,price_band_shift
S00036,0,none
S00037,0,none
S00038,0,none
S00039,1,popularity_fallback
S00040,0,none
S00041,0,none
S00042,0,none
S00043,1,price_band_shift
S00044,0,none
S00045,0,none
S00046,0,none
S00047,0,none
S00048,0,none
S00049,0,none
S00051,0,none
S00052,0,none
S00053,0,none
S00054,0,none
S00055,0,none
S00056,0,none
S00057,0,none
S00058,0,none
S00059,0,none
S00060,0,none
S00062,0,none
S00063,0,none
S00064,1,stale_index
S00065,0,none
S00066,0,none
S00067,0,none
S00068,0,none
S00069,1,stale_index
S00072,1,popularity_fallback
S00073,0,none
S00074,1,stale_index
S00075,0,none
S00076,1,stale_index
S00077,0,none
S00078,0,none
S00079,0,none
S00080,0,none
S00081,0,none
S00082,0,none
S00083,1,stale_index
S00084,0,none
S00085,0,none
S00086,1,stale_index
S00087,1,stale_index
S00088,0,none
S00089,1,price_band_shift
S00090,0,none
S00092,0,none
S00093,1,stale_index
S00094,1,price_band_shift
S00096,0,none
S00099,1,price_band_shift
S00100,1,popularity_fallback
S00101,0,none
S00102,0,none
S00103,0,none
S00104,0,none
S00105,0,none
S00106,0,none
S00107,0,none
S00109,0,none
S00110,0,none
S00111,0,none
S00112,1,popularity_fallback
S00113,1,popularity_fallback
S00114,1,popularity_fallback
S00115,1,price_band_shift
S00116,0,none
S00117,1,stale_index
S00119,0,none
S00120,0,none
S00121,1,popularity_fallback
S00122,0,none
S00124,0,none
S00125,0,none
S00126,0,none
S00129,0,none
S00130,0,none
S00131,0,none
S00132,0,none
S00133,0,none
S00134,0,none
S00135,0,none
S00136,0,none
S00137,1,price_band_shift
S00138,1,price_band_shift
S00139,1,popularity_fallback
S00140,1,price_band_shift
S00141,0,none
S00142,1,stale_index
S00143,1,stale_index
S00144,0,none
S00145,1,popularity_fallback
S00146,0,none
S00149,0,none
S00150,0,none
S00151,1,popularity_fallback
S00152,0,none
S00153,1,price_band_shift
S00154,0,none
S00156,0,none
S00157,0,none
S00158,0,none
S00159,1,stale_index
S00160,0,none
S00161,1,price_band_shift
S00162,1,stale_index
S00163,0,none
S00164,1,price_band_shift
S00165,0,none
S00166,0,none
S00167,0,none
S00168,0,none
S00169,0,none
S00170,1,stale_index
S00171,1,stale_index
S00172,1,price_band_shift
S00173,1,stale_index
S00174,0,none
S00176,0,none
S00177,0,none
S00179,1,popularity_fallback
S00180,0,none
S00181,1,stale_index
S00183,1,price_band_shift
S00185,0,none
S00186,0,none
S00187,0,none
S00188,0,none
S00190,0,none
S00191,1,stale_index
S00192,0,none
S00193,1,stale_index
S00194,1,price_band_shift
S00195,1,stale_index
S00196,1,stale_index
S00198,0,none
S00199,1,price_band_shift
S00200,1,popularity_fallback
S00201,0,none
S00202,0,none
S00203,0,none
S00205,1,popularity_fallback
S00206,0,none
S00207,1,popularity_fallback
S00208,1,price_band_shift
S00210,0,none
S00211,0,none
S00212,1,stale_index
S00213,0,none
S00214,1,stale_index
S00215,1,price_band_shift
S00216,0,none
S00218,0,none
S00219,0,none
S00220,0,none
S00221,0,none
S00222,0,none
S00223,0,none
S00224,0,none
S00225,0,none
S00226,1,popularity_fallback
S00227,1,price_band_shift
S00229,0,none
S00230,0,none
S00231,0,none
S00232,0,none
S00233,1,stale_index
S00234,0,none
S00235,0,none
S00236,1,stale_index
S00237,0,none
S00239,1,popularity_fallback
S00241,1,stale_index
S00243,0,none
S00244,1,price_band_shift
S00245,0,none
S00246,0,none
S00250,0,none
S00251,1,price_band_shift
S00252,0,none
S00253,0,none
S00254,1,price_band_shift
S00256,0,none
S00257,0,none
S00258,0,none
S00260,1,stale_index
S00261,0,none
S00262,0,none
S00263,0,none
S00264,0,none
S00265,0,none
S00266,1,price_band_shift
S00267,1,popularity_fallback
S00268,1,popularity_fallback
S00269,1,price_band_shift
S00270,0,none
S00271,1,price_band_shift
S00272,1,stale_index
S00273,1,stale_index
S00274,1,popularity_fallback
S00276,0,none
S00277,1,popularity_fallback
S00278,0,none
S00279,0,none
S00280,0,none
S00281,0,none
S00282,0,none
S00284,0,none
S00285,0,none
S00286,0,none
S00287,0,none
S00288,1,popularity_fallback
S00289,1,price_band_shift
S00290,0,none
S00291,1,price_band_shift
S00292,0,none
S00293,0,none
S00294,0,none
S00295,0,none
S00296,0,none
S00297,0,none
S00298,1,price_band_shift
S00299,0,none
S00300,0,none
S00301,0,none
S00302,0,none
S00303,0,none
S00304,0,none
S00305,0,none
S00306,0,none
S00307,0,none
S00308,0,none
S00309,0,none
S00310,1,price_band_shift
S00311,0,none
S00312,1,popularity_fallback
S00313,0,none
S00314,0,none
S00315,1,stale_index
S00316,1,stale_index
S00317,0,none
S00318,0,none
S00319,1,stale_index
S00320,0,none
S00321,0,none
S00323,1,stale_index
S00324,1,popularity_fallback
S00325,0,none
S00326,0,none
S00327,1,stale_index
S00328,1,stale_index
S00329,1,price_band_shift
S00330,0,none
S00331,1,price_band_shift
S00332,0,none
S00333,1,stale_index
S00334,0,none
S00335,0,none
S00336,1,stale_index
S00337,0,none
S00338,1,stale_index
S00339,0,none
S00340,0,none
S00341,0,none
S00342,0,none
S00343,0,none
S00344,1,popularity_fallback
S00345,0,none
S00346,0,none
S00347,1,popularity_fallback
S00348,1,popularity_fallback
S00349,1,popularity_fallback
S00350,0,none
S00351,1,stale_index
S00352,1,stale_index
S00353,0,none
S00354,0,none
S00355,0,none
S00357,0,none
S00358,0,none
S00359,0,none
S00360,0,none
S00361,0,none
S00362,0,none
S00363,1,price_band_shift
S00364,0,none
S00365,1,price_band_shift
S00366,0,none
S00367,0,none
S00368,0,none
S00369,0,none
S00370,1,stale_index
S00371,0,none
S00372,0,none
S00373,1,stale_index
S00375,0,none
S00376,0,none
S00377,0,none
S00378,0,none
S00379,0,none
S00380,0,none
S00381,0,none
S00383,1,popularity_fallback
S00384,1,stale_index
S00385,1,price_band_shift
S00386,0,none
S00387,0,none
S00388,0,none
S00390,0,none
S00391,0,none
S00392,1,popularity_fallback
S00393,1,price_band_shift
S00394,1,popularity_fallback
S00395,1,stale_index
S00396,0,none
S00398,0,none
S00400,1,stale_index
S00401,0,none
S00402,1,price_band_shift
S00403,1,popularity_fallback
S00404,0,none
S00405,0,none
S00406,0,none
S00407,0,none
S00408,1,popularity_fallback
S00409,0,none
S00410,0,none
S00411,0,none
S00412,0,none
S00413,1,price_band_shift
S00415,1,stale_index
S00417,0,none
S00418,1,price_band_shift
S00420,0,none
S00421,0,none
S00422,0,none
S00424,1,price_band_shift
S00425,0,none
S00426,1,popularity_fallback
S00427,1,popularity_fallback
S00429,0,none
S00430,0,none
S00431,1,stale_index
S00432,1,price_band_shift
S00433,1,stale_index
S00434,0,none
S00435,0,none
S00436,0,none
S00437,0,none
S00438,0,none
S00439,0,none
S00440,0,none
S00441,0,none
S00442,0,none
S00444,1,stale_index
S00446,1,stale_index
S00447,0,none
S00448,1,price_band_shift
S00449,1,price_band_shift
S00450,0,none
S00451,0,none
S00453,0,none
S00454,0,none
S00455,0,none
S00456,0,none
S00458,0,none
S00459,1,price_band_shift
S00460,1,price_band_shift
S00462,0,none
S00463,0,none
S00464,1,price_band_shift
S00465,0,none
S00466,1,stale_index
S00467,0,none
S00468,0,none
S00469,0,none
S00470,0,none
S00471,1,price_band_shift
S00472,1,price_band_shift
S00473,0,none
S00475,1,popularity_fallback
S00476,1,price_band_shift
S00477,1,price_band_shift
S00478,0,none
S00479,0,none
S00480,0,none
S00481,0,none
S00482,0,none
S00483,0,none
S00484,1,popularity_fallback
S00485,1,price_band_shift
S00486,0,none
S00487,0,none
S00488,0,none
S00489,0,none
S00490,0,none
S00491,1,stale_index
S00492,1,price_band_shift
S00493,0,none
S00494,0,none
S00495,0,none
S00496,0,none
S00497,1,popularity_fallback
S00498,0,none
S00499,1,popularity_fallback
S00500,0,none
S00501,0,none
S00502,1,popularity_fallback
S00503,0,none
S00504,1,stale_index
S00505,0,none
S00506,0,none
S00507,1,price_band_shift
S00508,0,none
S00509,0,none
S00510,1,stale_index
S00511,0,none
S00512,0,none
S00513,1,price_band_shift
S00515,0,none
S00517,0,none
S00521,1,price_band_shift
S00522,1,popularity_fallback
S00523,0,none
S00524,1,stale_index
S00526,1,popularity_fallback
S00527,1,stale_index
S00528,0,none
S00529,0,none
S00530,0,none
S00531,0,none
S00532,0,none
S00533,0,none
S00534,0,none
S00535,0,none
S00536,1,popularity_fallback
S00537,0,none
S00540,1,stale_index
S00541,0,none
S00542,0,none
S00543,1,popularity_fallback
S00545,0,none
S00547,1,stale_index
S00548,1,price_band_shift
S00549,0,none
S00550,0,none
S00551,0,none
S00552,0,none
S00553,0,none
S00554,0,none
S00555,1,price_band_shift
S00557,0,none
S00558,1,popularity_fallback
S00560,1,popularity_fallback
S00561,0,none
S00562,0,none
S00564,0,none
S00565,1,stale_index
S00566,1,popularity_fallback
S00567,0,none
S00568,1,stale_index
S00569,0,none
S00570,0,none
S00571,1,price_band_shift
S00573,1,popularity_fallback
S00574,0,none
S00575,0,none
S00577,0,none
S00578,1,stale_index
S00579,0,none
S00580,0,none
S00581,1,price_band_shift
S00582,0,none
S00583,0,none
S00584,0,none
S00585,1,price_band_shift
S00586,0,none
S00587,0,none
S00588,0,none
S00589,0,none
S00590,0,none
S00591,0,none
S00592,0,none
S00593,0,none
S00594,0,none
S00596,0,none
S00597,1,price_band_shift
S00599,0,none
S00600,0,none
S00601,0,none
S00602,0,none
S00603,0,none
S00604,1,popularity_fallback
S00605,0,none
S00606,0,none
S00609,0,none
S00610,0,none
S00611,0,none
S00612,0,none
S00613,0,none
S00614,1,stale_index
S00615,1,stale_index
S00616,0,none
S00617,0,none
S00618,1,popularity_fallback
S00619,0,none
S00620,0,none
S00621,0,none
S00622,1,popularity_fallback
S00623,0,none
S00624,0,none
S00626,0,none
S00627,0,none
S00628,0,none
S00629,0,none
S00630,0,none
S00631,1,popularity_fallback
S00632,0,none
S00633,0,none
S00634,1,popularity_fallback
S00635,0,none
S00636,1,price_band_shift
S00637,0,none
S00638,0,none
S00639,1,price_band_shift
S00640,1,price_band_shift
S00641,0,none
S00642,0,none
S00643,0,none
S00645,0,none
S00646,0,none
S00647,0,none
S00648,1,price_band_shift
S00649,1,popularity_fallback
S00650,0,none
S00651,1,popularity_fallback
S00652,0,none
S00654,0,none
S00655,0,none
S00656,0,none
S00657,0,none
S00659,0,none
S00660,1,popularity_fallback
S00661,1,stale_index
S00663,1,price_band_shift
S00664,1,price_band_shift
S00665,1,price_band_shift
S00666,1,stale_index
S00667,1,popularity_fallback
S00668,0,none
S00669,0,none
S00670,0,none
S00671,0,none
S00672,0,none
S00673,1,stale_index
S00674,0,none
S00675,1,stale_index
S00678,1,price_band_shift
S00679,1,popularity_fallback
S00680,0,none
S00681,0,none
S00682,1,popularity_fallback
S00683,1,price_band_shift
S00684,0,none
S00685,0,none
S00686,0,none
S00687,1,stale_index
S00688,0,none
S00689,0,none
S00691,1,popularity_fallback
S00692,0,none
S00693,1,stale_index
S00694,1,stale_index
S00695,1,stale_index
S00696,0,none
S00697,0,none
S00698,1,price_band_shift
S00699,0,none
S00700,0,none
S00702,0,none
S00703,0,none
S00704,1,price_band_shift
S00705,0,none
S00706,1,popularity_fallback
S00707,0,none
S00708,0,none
S00709,0,none
S00710,0,none
S00711,1,stale_index
S00712,0,none
S00713,1,price_band_shift
S00714,0,none
S00715,1,popularity_fallback
S00716,1,popularity_fallback
S00717,0,none
S00718,0,none
S00719,0,none
S00720,0,none
S00721,1,price_band_shift
S00722,0,none
S00723,0,none
S00725,1,price_band_shift
S00726,0,none
S00727,1,popularity_fallback
S00728,1,stale_index
S00729,1,popularity_fallback
S00730,1,popularity_fallback
S00731,1,popularity_fallback
S00732,1,popularity_fallback
S00733,0,none
S00735,1,popularity_fallback
S00736,0,none
S00737,0,none
S00738,0,none
S00739,0,none
S00740,0,none
S00741,0,none
S00742,0,none
S00743,1,popularity_fallback
S00744,0,none
S00746,0,none
S00747,0,none
S00748,0,none
S00751,1,price_band_shift
S00752,0,none
S00753,0,none
S00754,0,none
S00755,0,none
S00756,1,stale_index
S00757,0,none
S00758,1,popularity_fallback
S00759,1,price_band_shift
S00760,0,none
S00761,0,none
S00762,0,none
S00763,0,none
S00764,0,none
S00765,1,popularity_fallback
S00766,1,stale_index
S00767,0,none
S00768,1,popularity_fallback
S00769,0,none
S00770,1,price_band_shift
S00771,0,none
S00772,1,popularity_fallback
S00773,0,none
S00774,1,stale_index
S00775,0,none
S00776,1,popularity_fallback
S00777,0,none
S00778,1,stale_index
S00779,1,stale_index
S00781,0,none
S00782,0,none
S00783,0,none
S00784,1,popularity_fallback
S00785,0,none
S00787,1,price_band_shift
S00788,0,none
S00789,1,stale_index
S00790,0,none
S00791,1,stale_index
S00792,1,price_band_shift
S00793,0,none
S00794,0,none
S00795,0,none
S00796,1,stale_index
S00797,0,none
S00798,0,none
S00799,1,price_band_shift
S00800,0,none
S00801,1,popularity_fallback
S00802,0,none
S00804,0,none
S00805,0,none
S00806,0,none
S00807,1,popularity_fallback
S00808,0,none
S00809,0,none
S00810,1,popularity_fallback
S00811,0,none
S00812,0,none
S00813,1,popularity_fallback
S00814,0,none
S00815,1,popularity_fallback
S00816,0,none
S00817,0,none
S00818,0,none
S00819,0,none
S00820,0,none
S00821,0,none
S00822,1,popularity_fallback
S00823,0,none
S00824,0,none
S00825,1,price_band_shift
S00827,0,none
S00828,0,none
S00829,1,price_band_shift
S00830,0,none
S00831,0,none
S00832,1,stale_index
S00833,0,none
S00834,0,none
S00835,0,none
S00836,0,none
S00837,0,none
S00838,1,price_band_shift
S00839,1,price_band_shift
S00840,1,price_band_shift
S00841,0,none
S00842,1,popularity_fallback
S00843,1,stale_index
S00844,0,none
S00846,0,none
S00847,0,none
S00848,0,none
S00849,0,none
S00852,0,none
S00853,1,stale_index
S00854,0,none
S00855,1,price_band_shift
S00857,0,none
S00858,0,none
S00859,1,stale_index
S00860,0,none
S00861,0,none
S00862,1,stale_index
S00863,0,none
S00864,0,none
S00865,0,none
S00866,1,popularity_fallback
S00867,0,none
S00868,0,none
S00869,1,popularity_fallback
S00870,1,price_band_shift
S00871,0,none
S00872,1,popularity_fallback
S00873,0,none
S00874,0,none
S00876,0,none
S00877,1,price_band_shift
S00879,0,none
S00880,0,none
S00881,0,none
S00882,1,stale_index
S00883,1,popularity_fallback
S00884,1,stale_index
S00885,1,stale_index
S00886,1,popularity_fallback
S00887,0,none
S00888,0,none
S00889,1,stale_index
S00890,0,none
S00891,1,popularity_fallback
S00892,0,none
S00893,1,stale_index
S00894,0,none
S00895,1,price_band_shift
S00896,1,popularity_fallback
S00897,0,none
S00898,0,none
S00899,0,none
S00900,0,none
S00901,0,none
S00902,0,none
S00903,1,price_band_shift
S00904,1,popularity_fallback
S00906,0,none
S00907,0,none
S00908,0,none
S00909,1,stale_index
S00910,1,stale_index
S00911,1,price_band_shift
S00912,0,none
S00913,0,none
S00914,0,none
S00915,1,price_band_shift
S00916,0,none
S00917,0,none
S00918,1,popularity_fallback
S00919,1,price_band_shift
S00920,0,none
S00921,1,stale_index
S00922,0,none
S00923,1,popularity_fallback
S00925,0,none
S00926,0,none
S00927,0,none
S00928,0,none
S00929,0,none
S00930,0,none
S00931,0,none
S00932,0,none
S00933,0,none
S00934,0,none
S00935,1,price_band_shift
S00936,0,none
S00937,0,none
S00938,0,none
S00939,0,none
S00940,0,none
S00941,0,none
S00942,0,none
S00943,1,stale_index
S00944,1,stale_index
S00945,0,none
S00946,0,none
S00947,0,none
S00948,0,none
S00949,0,none
S00952,0,none
S00953,1,price_band_shift
S00954,1,price_band_shift
S00955,0,none
S00957,0,none
S00959,1,price_band_shift
S00961,0,none
S00963,1,stale_index
S00964,0,none
S00965,1,stale_index
S00966,1,popularity_fallback
S00967,0,none
S00968,0,none
S00969,0,none
S00970,0,none
S00971,0,none
S00972,0,none
S00973,0,none
S00974,1,popularity_fallback
S00975,0,none
S00976,1,stale_index
S00977,0,none
S00978,0,none
S00979,0,none
S00980,1,price_band_shift
S00982,0,none
S00983,1,popularity_fallback
S00984,0,none
S00985,0,none
S00986,0,none
S00988,1,stale_index
S00989,0,none
S00990,0,none
S00991,0,none
S00992,0,none
S00993,0,none
S00994,0,none
S00996,1,price_band_shift
S00997,0,none
S00998,0,none
S00999,0,none
S01000,0,none
S01001,0,none
S01002,0,none
S01003,1,popularity_fallback
S01004,0,none
S01006,1,stale_index
S01007,0,none
S01009,0,none
S01010,1,stale_index
S01012,0,none
S01013,0,none
S01014,0,none
S01015,1,stale_index
S01016,0,none
S01017,0,none
S01018,0,none
S01019,0,none
S01020,1,stale_index
S01021,0,none
S01022,1,popularity_fallback
S01023,0,none
S01024,0,none
S01025,0,none
S01026,0,none
S01027,1,stale_index
S01028,1,stale_index
S01029,0,none
S01030,0,none
S01031,1,price_band_shift
S01032,0,none
S01033,1,price_band_shift
S01034,0,none
S01035,0,none
S01036,1,price_band_shift
S01037,0,none
S01039,0,none
S01040,0,none
S01041,0,none
S01042,1,price_band_shift
S01043,0,none
S01044,0,none
S01045,0,none
S01047,0,none
S01048,1,price_band_shift
S01052,0,none
S01053,0,none
S01054,0,none
S01055,0,none
S01056,0,none
S01057,1,price_band_shift
S01058,0,none
S01059,1,stale_index
S01060,0,none
S01061,0,none
S01062,0,none
S01063,1,price_band_shift
S01064,0,none
S01065,1,price_band_shift
S01066,0,none
S01067,0,none
S01068,1,popularity_fallback
S01069,0,none
S01070,1,stale_index
S01071,1,popularity_fallback
S01072,0,none
S01073,1,stale_index
S01074,1,stale_index
S01075,0,none
S01076,0,none
S01077,1,popularity_fallback
S01078,0,none
S01080,0,none
S01081,0,none
S01082,0,none
S01084,1,stale_index
S01086,0,none
S01087,0,none
S01088,1,popularity_fallback
S01090,0,none
S01091,0,none
S01092,0,none
S01094,0,none
S01096,0,none
S01097,0,none
S01098,1,stale_index
S01099,0,none
S01100,1,popularity_fallback
S01101,1,stale_index
S01104,0,none
S01106,0,none
S01108,1,price_band_shift
S01109,0,none
S01110,0,none
S01111,0,none
S01113,1,price_band_shift
S01114,0,none
S01115,0,none
S01116,1,stale_index
S01118,0,none
S01119,1,stale_index
S01120,0,none
S01121,0,none
S01122,0,none
S01123,0,none
S01124,0,none
S01125,0,none
S01126,0,none
S01127,0,none
S01128,1,stale_index
S01129,1,price_band_shift
S01130,0,none
S01131,0,none
S01132,0,none
S01133,0,none
S01134,1,price_band_shift
S01135,1,price_band_shift
S01136,0,none
S01137,0,none
S01139,0,none
S01140,0,none
S01141,1,price_band_shift
S01142,1,stale_index
S01143,0,none
S01144,1,popularity_fallback
S01145,1,popularity_fallback
S01146,1,stale_index
S01147,0,none
S01148,0,none
S01150,0,none
S01151,0,none
S01152,0,none
S01153,0,none
S01154,1,stale_index
S01155,0,none
S01156,0,none
S01157,0,none
S01158,0,none
S01159,0,none
S01160,1,price_band_shift
S01161,1,popularity_fallback
S01162,0,none
S01163,0,none
S01164,1,price_band_shift
S01165,0,none
S01166,1,stale_index
S01167,1,popularity_fallback
S01168,1,popularity_fallback
S01169,0,none
S01170,1,price_band_shift
S01171,0,none
S01172,0,none
S01174,0,none
S01175,0,none
S01176,0,none
S01177,0,none
S01178,1,price_band_shift
S01179,0,none
S01180,0,none
S01181,0,none
S01182,0,none
S01183,0,none
S01184,0,none
S01185,0,none
S01186,1,stale_index
S01187,1,price_band_shift
S01188,1,stale_index
S01189,0,none
S01190,1,stale_index
S01191,0,none
S01193,0,none
S01194,0,none
S01195,0,none
S01197,0,none
S01198,1,price_band_shift
S01200,1,popularity_fallback
S01201,0,none
S01202,1,stale_index
S01203,1,popularity_fallback
S01204,0,none
S01206,0,none
S01207,1,price_band_shift
S01208,0,none
S01209,1,stale_index
S01211,0,none
S01212,0,none
S01213,1,price_band_shift
S01214,1,price_band_shift
S01215,0,none
S01216,0,none
S01217,1,popularity_fallback
S01218,1,price_band_shift
S01220,0,none
S01221,0,none
S01222,1,stale_index
S01223,1,popularity_fallback
S01224,1,price_band_shift
S01225,1,stale_index
S01226,1,price_band_shift
S01229,1,price_band_shift
S01230,0,none
S01232,0,none
S01233,1,stale_index
S01234,1,price_band_shift
S01235,1,price_band_shift
S01236,1,price_band_shift
S01237,0,none
S01238,0,none
S01239,1,price_band_shift
S01241,0,none
S01242,0,none
S01243,0,none
S01244,0,none
S01245,1,popularity_fallback
S01246,0,none
S01247,0,none
S01248,0,none
S01249,0,none
S01250,0,none
S01251,0,none
S01252,0,none
S01253,1,popularity_fallback
S01255,0,none
S01256,0,none
S01258,0,none
S01259,0,none
S01260,1,price_band_shift
S01261,0,none
S01262,0,none
S01263,0,none
S01265,1,popularity_fallback
S01266,1,popularity_fallback
S01267,1,stale_index
S01268,1,popularity_fallback
S01269,0,none
S01270,0,none
S01271,1,popularity_fallback
S01273,0,none
S01274,1,price_band_shift
S01275,1,stale_index
S01276,1,price_band_shift
S01277,0,none
S01278,0,none
S01279,1,popularity_fallback
S01280,0,none
S01281,1,popularity_fallback
S01282,0,none
S01283,0,none
S01285,0,none
S01286,1,popularity_fallback
S01288,0,none
S01289,1,stale_index
S01291,0,none
S01292,0,none
S01294,1,popularity_fallback
S01296,0,none
S01297,1,stale_index
S01299,1,price_band_shift
S01300,0,none
S01301,0,none
S01302,0,none
S01304,0,none
S01305,0,none
S01306,0,none
S01307,0,none
S01308,1,stale_index
S01309,1,popularity_fallback
S01310,0,none
S01311,0,none
S01312,1,stale_index
S01313,1,price_band_shift
S01314,1,stale_index
S01315,0,none
S01316,0,none
S01318,0,none
S01319,1,popularity_fallback
S01320,0,none
S01321,0,none
S01323,0,none
S01324,0,none
S01325,0,none
S01326,1,stale_index
S01327,1,stale_index
S01328,1,popularity_fallback
S01329,0,none
S01330,0,none
S01331,1,stale_index
S01332,0,none
S01334,0,none
S01335,1,stale_index
S01337,0,none
S01338,0,none
S01339,0,none
S01340,0,none
S01341,1,price_band_shift
S01342,0,none
S01343,1,popularity_fallback
S01344,0,none
S01345,0,none
S01346,0,none
S01347,0,none
S01348,0,none
S01349,0,none
S01350,0,none
S01351,0,none
S01352,0,none
S01353,0,none
S01354,1,popularity_fallback
S01356,0,none
S01357,0,none
S01358,0,none
S01359,0,none
S01360,0,none
S01361,0,none
S01362,1,price_band_shift
S01364,1,popularity_fallback
S01365,1,price_band_shift
S01366,1,stale_index
S01367,1,price_band_shift
S01368,0,none
S01369,1,popularity_fallback
S01370,0,none
S01371,0,none
S01372,0,none
S01373,0,none
S01374,1,stale_index
S01375,1,price_band_shift
S01376,0,none
S01377,1,stale_index
S01378,0,none
S01379,1,stale_index
S01380,0,none
S01381,0,none
S01382,0,none
S01383,0,none
S01385,1,stale_index
S01386,1,popularity_fallback
S01387,0,none
S01388,0,none
S01389,0,none
S01390,0,none
S01391,1,price_band_shift
S01392,1,stale_index
S01393,1,price_band_shift
S01394,0,none
S01395,0,none
S01396,0,none
S01397,0,none
S01398,0,none
S01399,0,none
S01400,0,none
S01401,1,price_band_shift
S01403,0,none
S01404,0,none
S01405,1,price_band_shift
S01406,1,stale_index
S01407,0,none
S01409,1,stale_index
S01410,0,none
S01411,1,popularity_fallback
S01412,0,none
S01413,0,none
S01416,1,price_band_shift
S01418,1,stale_index
S01419,0,none
S01420,0,none
S01421,0,none
S01422,1,stale_index
S01423,1,popularity_fallback
S01425,0,none
S01426,0,none
S01427,1,price_band_shift
S01428,0,none
S01429,1,popularity_fallback
S01430,0,none
S01431,0,none
S01432,0,none
S01433,0,none
S01434,0,none
S01435,0,none
S01436,0,none
S01438,1,price_band_shift
S01439,0,none
S01440,0,none
S01441,0,none
S01442,0,none
S01443,0,none
S01444,1,popularity_fallback
S01445,0,none
S01446,1,price_band_shift
S01447,0,none
S01448,0,none
S01449,1,price_band_shift
S01450,1,popularity_fallback
S01451,0,none
S01452,1,popularity_fallback
S01453,0,none
S01455,0,none
S01456,0,none
S01457,0,none
S01458,1,popularity_fallback
S01459,0,none
S01461,0,none
S01462,0,none
S01463,1,stale_index
S01464,0,none
S01465,1,price_band_shift
S01466,1,popularity_fallback
S01467,0,none
S01468,0,none
S01469,0,none
S01470,0,none
S01471,0,none
S01472,0,none
S01473,0,none
S01474,0,none
S01475,0,none
S01476,0,none
S01477,0,none
S01478,0,none
S01479,1,popularity_fallback
S01481,1,stale_index
S01483,0,none
S01484,0,none
S01485,1,stale_index
S01486,1,stale_index
S01487,0,none
S01489,0,none
S01490,0,none
S01491,0,none
S01492,1,price_band_shift
S01493,0,none
S01494,0,none
S01495,0,none
S01496,1,stale_index
S01497,0,none
S01498,0,none
S01499,0,none
S01500,0,none
S01501,1,price_band_shift
S01502,0,none
S01503,0,none
S01504,0,none
S01506,0,none
S01507,0,none
S01508,1,price_band_shift
S01509,0,none
S01511,0,none
S01512,0,none
S01513,0,none
S01514,0,none
S01517,0,none
S01518,0,none
S01519,1,popularity_fallback
S01522,0,none
S01523,0,none
S01525,1,popularity_fallback
S01526,0,none
S01528,1,price_band_shift
S01529,1,popularity_fallback
S01530,1,popularity_fallback
S01531,0,none
S01532,1,price_band_shift
S01533,1,price_band_shift
S01534,1,stale_index
S01535,1,price_band_shift
S01536,0,none
S01537,0,none
S01538,1,popularity_fallback
S01539,0,none
S01540,0,none
S01541,1,stale_index
S01543,0,none
S01544,1,popularity_fallback
S01545,1,popularity_fallback
S01547,0,none
S01548,1,popularity_fallback
S01549,0,none
S01551,0,none
S01552,0,none
S01554,0,none
S01555,0,none
S01556,1,stale_index
S01557,1,price_band_shift
S01558,0,none
S01559,1,price_band_shift
S01560,1,price_band_shift
S01561,0,none
S01562,1,stale_index
S01564,0,none
S01565,0,none
S01567,1,popularity_fallback
S01568,0,none
S01569,0,none
S01570,1,popularity_fallback
S01571,1,popularity_fallback
S01572,0,none
S01574,1,popularity_fallback
S01575,0,none
S01577,0,none
S01578,0,none
S01579,0,none
S01581,0,none
S01583,0,none
S01584,0,none
S01585,0,none
S01586,0,none
S01587,1,stale_index
S01588,0,none
S01589,0,none
S01590,0,none
S01591,0,none
S01592,0,none
S01593,0,none
S01594,0,none
S01595,1,stale_index
S01596,1,price_band_shift
S01597,1,popularity_fallback
S01598,0,none
S01599,0,none
S01600,0,none
S01601,0,none
S01602,0,none
S01603,1,popularity_fallback
S01605,1,price_band_shift
S01606,1,stale_index
S01607,0,none
S01608,1,popularity_fallback
S01609,0,none
S01610,1,price_band_shift
S01612,0,none
S01613,0,none
S01614,0,none
S01615,0,none
S01616,0,none
S01617,0,none
S01618,0,none
S01619,0,none
S01620,0,none
S01621,0,none
S01622,1,popularity_fallback
S01624,1,price_band_shift
S01625,1,stale_index
S01626,0,none
S01627,0,none
S01628,0,none
S01629,0,none
S01630,0,none
S01631,0,none
S01632,1,popularity_fallback
S01633,0,none
S01634,0,none
S01635,0,none
S01636,0,none
S01637,0,none
S01638,0,none
S01639,1,price_band_shift
S01640,0,none
S01641,0,none
S01642,1,popularity_fallback
S01643,0,none
S01644,0,none
S01645,1,stale_index
S01646,1,price_band_shift
S01647,0,none
S01648,1,popularity_fallback
S01649,0,none
S01650,1,stale_index
S01651,1,popularity_fallback
S01652,0,none
S01653,0,none
S01654,1,popularity_fallback
S01655,0,none
S01657,0,none
S01658,0,none
S01659,0,none
S01660,1,price_band_shift
S01661,0,none
S01662,0,none
S01663,0,none
S01664,1,price_band_shift
S01665,1,stale_index
S01666,0,none
S01667,0,none
S01668,1,popularity_fallback
S01669,1,stale_index
S01670,0,none
S01671,0,none
S01672,0,none
S01673,1,popularity_fallback
S01674,0,none
S01675,1,price_band_shift
S01676,0,none
S01677,0,none
S01678,0,none
S01679,0,none
S01680,0,none
S01681,0,none
S01682,0,none
S01683,1,popularity_fallback
S01684,0,none
S01685,0,none
S01686,0,none
S01687,1,stale_index
S01688,0,none
S01689,1,price_band_shift
S01691,1,stale_index
S01692,0,none
S01693,0,none
S01695,1,popularity_fallback
S01696,1,price_band_shift
S01697,1,popularity_fallback
S01698,1,price_band_shift
S01700,1,stale_index
S01702,1,popularity_fallback
S01703,0,none
S01705,0,none
S01706,0,none
S01707,0,none
S01709,1,stale_index
S01710,1,stale_index
S01711,0,none
S01712,0,none
S01713,0,none
S01714,0,none
S01715,0,none
S01716,1,popularity_fallback
S01717,1,stale_index
S01719,0,none
S01720,0,none
S01721,0,none
S01722,1,price_band_shift
S01723,1,stale_index
S01724,1,price_band_shift
S01725,1,popularity_fallback
S01726,0,none
S01727,0,none
S01728,0,none
S01729,0,none
S01730,1,popularity_fallback
S01731,0,none
S01732,0,none
S01733,1,popularity_fallback
S01734,1,popularity_fallback
S01735,0,none
S01736,1,price_band_shift
S01738,0,none
S01739,1,popularity_fallback
S01740,0,none
S01741,0,none
S01742,0,none
S01743,0,none
S01744,1,stale_index
S01745,1,popularity_fallback
S01746,1,popularity_fallback
S01747,1,price_band_shift
S01748,0,none
S01749,1,stale_index
S01750,0,none
S01751,0,none
S01755,0,none
S01757,0,none
S01758,0,none
S01759,0,none
S01760,1,stale_index
S01761,0,none
S01762,0,none
S01763,1,stale_index
S01764,0,none
S01765,0,none
S01768,0,none
S01769,0,none
S01770,0,none
S01771,0,none
S01772,1,popularity_fallback
S01773,0,none
S01774,1,stale_index
S01775,1,popularity_fallback
S01776,1,price_band_shift
S01777,0,none
S01779,0,none
S01780,1,popularity_fallback
S01782,0,none
S01783,0,none
S01784,0,none
S01786,0,none
S01787,0,none
S01788,1,popularity_fallback
S01789,1,stale_index
S01790,0,none
S01791,1,price_band_shift
S01792,0,none
S01793,0,none
S01794,0,none
S01795,0,none
S01796,0,none
S01797,0,none
S01798,0,none
S01800,0,none
S01801,1,price_band_shift
S01802,0,none
S01803,0,none
S01804,1,stale_index
S01805,0,none
S01806,1,popularity_fallback
S01807,0,none
S01808,0,none
S01810,0,none
S01811,0,none
S01812,0,none
S01814,0,none
S01815,0,none
S01816,1,stale_index
S01817,1,price_band_shift
S01818,0,none
S01819,1,popularity_fallback
S01821,1,popularity_fallback
S01822,0,none
S01823,0,none
S01824,0,none
S01825,0,none
S01826,0,none
S01827,0,none
S01828,0,none
S01829,1,price_band_shift
S01830,1,popularity_fallback
S01831,0,none
S01832,0,none
S01833,0,none
S01834,1,stale_index
S01836,1,popularity_fallback
S01837,0,none
S01838,0,none
S01840,0,none
S01841,0,none
S01842,0,none
S01843,0,none
S01844,0,none
S01845,1,stale_index
S01846,1,stale_index
S01847,0,none
S01848,1,popularity_fallback
S01849,1,stale_index
S01850,0,none
S01855,1,popularity_fallback
S01856,1,popularity_fallback
S01857,0,none
S01859,1,price_band_shift
S01860,0,none
S01862,0,none
S01863,0,none
S01864,1,popularity_fallback
S01865,1,stale_index
S01866,1,popularity_fallback
S01867,0,none
S01868,1,stale_index
S01869,1,stale_index
S01870,0,none
S01871,1,price_band_shift
S01872,1,price_band_shift
S01873,1,popularity_fallback
S01874,0,none
S01875,0,none
S01876,0,none
S01877,0,none
S01878,0,none
S01880,1,stale_index
S01881,0,none
S01882,0,none
S01883,1,stale_index
S01884,0,none
S01887,0,none
S01889,0,none
S01890,0,none
S01892,1,popularity_fallback
S01894,1,popularity_fallback
S01895,1,stale_index
S01896,0,none
S01897,0,none
S01898,0,none
S01902,1,price_band_shift
S01903,0,none
S01904,0,none
S01905,0,none
S01908,0,none
S01909,0,none
S01910,0,none
S01912,0,none
S01913,1,popularity_fallback
S01915,0,none
S01916,1,stale_index
S01917,1,price_band_shift
S01918,0,none
S01919,1,stale_index
S01920,0,none
S01921,0,none
S01922,0,none
S01923,0,none
S01924,1,price_band_shift
S01925,0,none
S01926,0,none
S01927,0,none
S01928,0,none
S01929,1,price_band_shift
S01930,1,stale_index
S01931,0,none
S01933,1,stale_index
S01934,1,price_band_shift
S01935,0,none
S01936,1,stale_index
S01937,0,none
S01938,1,stale_index
S01939,0,none
S01940,0,none
S01941,1,popularity_fallback
S01942,1,price_band_shift
S01943,0,none
S01944,0,none
S01945,0,none
S01946,1,stale_index
S01947,0,none
S01948,1,stale_index
S01949,0,none
S01950,1,stale_index
S01951,1,stale_index
S01952,0,none
S01953,0,none
S01954,0,none
S01956,0,none
S01957,0,none
S01958,1,price_band_shift
S01959,0,none
S01960,0,none
S01961,0,none
S01962,0,none
S01963,1,price_band_shift
S01964,0,none
S01965,0,none
S01966,0,none
S01968,0,none
S01969,0,none
S01970,0,none
S01971,0,none
S01973,1,popularity_fallback
S01974,0,none
S01975,1,price_band_shift
S01976,1,stale_index
S01977,0,none
S01978,0,none
S01979,0,none
S01980,0,none
S01981,1,popularity_fallback
S01983,1,stale_index
S01984,0,none
S01985,0,none
S01986,1,price_band_shift
S01988,0,none
S01990,0,none
S01991,0,none
S01992,0,none
S01993,0,none
S01994,1,popularity_fallback
S01996,1,stale_index
S01997,1,price_band_shift
S01998,0,none
S01999,0,none
S02000,0,none
S02002,1,stale_index
S02003,0,none
S02005,0,none
S02006,1,stale_index
S02007,0,none
S02008,1,stale_index
S02009,1,price_band_shift
S02010,1,price_band_shift
S02011,0,none
S02012,0,none
S02013,0,none
S02014,0,none
S02015,1,price_band_shift
S02017,1,stale_index
S02019,0,none
S02020,0,none
S02021,1,price_band_shift
S02022,0,none
S02024,0,none
S02025,1,price_band_shift
S02026,0,none
S02027,0,none
S02028,0,none
S02029,0,none
S02030,0,none
S02031,1,stale_index
S02032,0,none
S02033,0,none
S02034,0,none
S02035,0,none
S02036,1,popularity_fallback
S02037,0,none
S02038,0,none
S02039,0,none
S02040,0,none
S02041,0,none
S02042,0,none
S02043,1,price_band_shift
S02044,1,price_band_shift
S02045,0,none
S02046,1,price_band_shift
S02048,1,price_band_shift
S02049,0,none
S02050,0,none
S02051,1,popularity_fallback
S02052,0,none
S02053,0,none
S02055,0,none
S02057,1,price_band_shift
S02059,0,none
S02060,0,none
S02061,0,none
S02062,0,none
S02063,0,none
S02064,1,stale_index
S02066,0,none
S02068,0,none
S02069,0,none
S02070,1,stale_index
S02071,0,none
S02073,0,none
S02074,1,popularity_fallback
S02075,0,none
S02076,0,none
S02077,1,stale_index
S02078,0,none
S02079,0,none
S02081,1,stale_index
S02082,0,none
S02083,0,none
S02084,1,stale_index
S02085,1,price_band_shift
S02086,1,stale_index
S02087,0,none
S02089,0,none
S02090,0,none
S02091,1,popularity_fallback
S02092,0,none
S02093,1,popularity_fallback
S02094,0,none
S02095,1,price_band_shift
S02098,1,popularity_fallback
S02099,1,popularity_fallback
S02100,1,price_band_shift
S02101,0,none
S02102,1,price_band_shift
S02103,0,none
S02104,1,popularity_fallback
S02105,1,popularity_fallback
S02106,0,none
S02107,0,none
S02108,1,popularity_fallback
S02109,0,none
S02110,0,none
S02111,0,none
S02112,0,none
S02113,0,none
S02114,0,none
S02115,1,popularity_fallback
S02116,1,stale_index
S02117,1,popularity_fallback
S02118,0,none
S02119,0,none
S02121,1,stale_index
S02123,0,none
S02124,1,stale_index
S02125,0,none
S02126,1,popularity_fallback
S02127,0,none
S02128,0,none
S02129,0,none
S02130,1,price_band_shift
S02131,1,price_band_shift
S02133,0,none
S02134,0,none
S02135,1,stale_index
S02136,0,none
S02137,0,none
S02138,0,none
S02139,1,popularity_fallback
S02140,1,stale_index
S02142,0,none
S02143,1,stale_index
S02144,1,stale_index
S02145,1,stale_index
S02146,1,price_band_shift
S02147,1,price_band_shift
S02148,0,none
S02150,1,price_band_shift
S02151,0,none
S02152,0,none
S02153,1,popularity_fallback
S02154,1,popularity_fallback
S02155,1,price_band_shift
S02157,1,popularity_fallback
S02158,0,none
S02159,0,none
S02160,0,none
S02161,1,stale_index
S02162,0,none
S02163,0,none
S02164,0,none
S02165,0,none
S02166,0,none
S02167,1,popularity_fallback
S02168,0,none
S02169,1,stale_index
S02170,0,none
S02171,0,none
S02172,1,popularity_fallback
S02173,0,none
S02174,0,none
S02175,1,price_band_shift
S02176,0,none
S02178,1,stale_index
S02179,0,none
S02180,1,price_band_shift
S02181,0,none
S02183,0,none
S02184,0,none
S02185,0,none
S02186,0,none
S02187,1,stale_index
S02188,0,none
S02189,0,none
S02190,0,none
S02191,0,none
S02192,1,popularity_fallback
S02193,0,none
S02194,1,stale_index
S02195,0,none
S02196,0,none
S02197,0,none
S02198,0,none
S02199,1,stale_index
S02200,0,none
S02201,0,none
S02202,1,stale_index
S02203,0,none
S02205,0,none
S02208,1,stale_index
S02210,0,none
S02211,1,popularity_fallback
S02212,0,none
S02213,1,price_band_shift
S02214,1,stale_index
S02215,0,none
S02216,0,none
S02217,0,none
S02218,0,none
S02220,0,none
S02221,0,none
S02222,0,none
S02223,0,none
S02224,0,none
S02226,0,none
S02227,1,popularity_fallback
S02228,0,none
S02229,1,price_band_shift
S02230,1,popularity_fallback
S02231,0,none
S02232,1,popularity_fallback
S02233,0,none
S02234,1,stale_index
S02236,1,price_band_shift
S02237,0,none
S02238,0,none
S02239,0,none
S02240,0,none
S02241,0,none
S02242,0,none
S02243,1,stale_index
S02244,0,none
S02245,0,none
S02246,1,price_band_shift
S02247,0,none
S02249,1,stale_index
S02250,1,stale_index
S02251,1,popularity_fallback
S02253,1,popularity_fallback
S02254,1,stale_index
S02255,0,none
S02256,1,popularity_fallback
S02257,0,none
S02258,1,stale_index
S02259,0,none
S02261,1,stale_index
S02262,1,stale_index
S02264,1,price_band_shift
S02265,0,none
S02266,0,none
S02267,0,none
S02268,0,none
S02269,0,none
S02270,0,none
S02271,1,price_band_shift
S02272,0,none
S02273,0,none
S02274,1,popularity_fallback
S02275,1,stale_index
S02276,1,stale_index
S02277,1,stale_index
S02278,1,stale_index
S02279,0,none
S02280,0,none
S02281,0,none
S02282,0,none
S02284,0,none
S02285,0,none
S02286,0,none
S02287,1,stale_index
S02288,1,stale_index
S02289,1,stale_index
S02290,0,none
S02291,0,none
S02294,0,none
S02295,0,none
S02296,0,none
S02297,1,price_band_shift
S02298,0,none
S02299,0,none
S02300,0,none
S02301,1,price_band_shift
S02302,0,none
S02303,1,price_band_shift
S02304,1,stale_index
S02305,0,none
S02306,1,popularity_fallback
S02307,1,popularity_fallback
S02308,1,price_band_shift
S02309,1,price_band_shift
S02310,1,stale_index
S02311,1,price_band_shift
S02312,1,price_band_shift
S02313,1,stale_index
S02314,1,stale_index
S02315,0,none
S02316,1,stale_index
S02317,0,none
S02319,1,price_band_shift
S02320,0,none
S02321,1,stale_index
S02322,1,stale_index
S02324,1,popularity_fallback
S02325,0,none
S02326,1,popularity_fallback
S02327,0,none
S02328,1,popularity_fallback
S02329,0,none
S02330,1,stale_index
S02331,1,stale_index
S02332,1,popularity_fallback
S02333,0,none
S02334,0,none
S02335,1,stale_index
S02336,0,none
S02338,0,none
S02339,0,none
S02342,1,popularity_fallback
S02345,0,none
S02346,0,none
S02347,0,none
S02348,1,popularity_fallback
S02349,0,none
S02353,0,none
S02354,0,none
S02355,1,price_band_shift
S02356,0,none
S02357,0,none
S02358,0,none
S02359,1,stale_index
S02360,1,stale_index
S02361,1,popularity_fallback
S02362,0,none
S02363,1,stale_index
S02364,0,none
S02365,1,price_band_shift
S02366,0,none
S02367,0,none
S02368,0,none
S02369,1,popularity_fallback
S02370,0,none
S02371,1,popularity_fallback
S02373,0,none
S02375,0,none
S02376,0,none
S02378,0,none
S02379,1,price_band_shift
S02380,0,none
S02381,0,none
S02382,0,none
S02383,0,none
S02384,0,none
S02385,0,none
S02386,1,price_band_shift
S02387,0,none
S02388,1,popularity_fallback
S02389,0,none
S02390,0,none
S02391,0,none
S02392,0,none
S02393,1,popularity_fallback
S02394,1,popularity_fallback
S02395,0,none
S02396,0,none
S02397,0,none
S02398,0,none
S02399,0,none
S02400,0,none
S02401,0,none
S02402,0,none
S02403,1,stale_index
S02404,1,popularity_fallback
S02405,1,price_band_shift
S02407,0,none
S02408,0,none
S02409,0,none
S02410,0,none
S02411,1,popularity_fallback
S02412,1,price_band_shift
S02413,1,price_band_shift
S02414,0,none
S02415,1,price_band_shift
S02416,0,none
S02417,0,none
S02418,0,none
S02419,0,none
S02420,0,none
S02421,0,none
S02422,0,none
S02423,0,none
S02425,0,none
S02426,0,none
S02427,0,none
S02428,0,none
S02429,1,price_band_shift
S02430,0,none
S02431,0,none
S02432,0,none
S02433,0,none
S02434,0,none
S02435,0,none
S02436,0,none
S02439,0,none
S02440,0,none
S02441,1,stale_index
S02442,1,popularity_fallback
S02443,1,price_band_shift
S02444,1,popularity_fallback
S02445,0,none
S02446,1,price_band_shift
S02447,1,popularity_fallback
S02448,1,stale_index
S02449,0,none
S02450,0,none
S02451,1,price_band_shift
S02452,0,none
S02454,1,price_band_shift
S02455,1,price_band_shift
S02456,1,popularity_fallback
S02457,0,none
S02458,0,none
S02459,0,none
S02460,1,stale_index
S02461,1,price_band_shift
S02462,0,none
S02463,1,popularity_fallback
S02464,0,none
S02466,1,popularity_fallback
S02468,1,stale_index
S02469,1,popularity_fallback
S02470,0,none
S02471,1,stale_index
S02472,0,none
S02473,0,none
S02474,1,stale_index
S02477,1,stale_index
S02478,1,price_band_shift
S02479,1,price_band_shift
S02480,0,none
S02481,0,none
S02483,1,popularity_fallback
S02484,0,none
S02485,0,none
S02486,1,popularity_fallback
S02487,0,none
S02488,1,price_band_shift
S02489,0,none
S02490,1,stale_index
S02491,1,popularity_fallback
S02492,0,none
S02493,1,stale_index
S02495,1,popularity_fallback
S02496,1,stale_index
S02497,0,none
S02498,1,popularity_fallback
S02499,1,stale_index
S02500,1,popularity_fallback
S02501,0,none
S02502,0,none
S02503,1,popularity_fallback
S02504,1,popularity_fallback
S02505,0,none
S02506,0,none
S02507,1,price_band_shift
S02508,1,popularity_fallback
S02509,0,none
S02510,0,none
S02511,1,stale_index
S02512,1,price_band_shift
S02513,0,none
S02516,0,none
S02518,0,none
S02519,1,popularity_fallback
S02520,0,none
S02521,1,popularity_fallback
S02522,1,popularity_fallback
S02523,1,price_band_shift
S02524,1,stale_index
S02526,0,none
S02528,0,none
S02529,0,none
S02531,1,stale_index
S02532,0,none
S02533,0,none
S02534,0,none
S02535,0,none
S02536,0,none
S02537,0,none
S02538,0,none
S02539,0,none
S02540,1,price_band_shift
S02541,1,price_band_shift
S02542,0,none
S02543,0,none
S02544,0,none
S02545,0,none
S02546,1,popularity_fallback
S02547,0,none
S02548,1,price_band_shift
S02549,0,none
S02550,0,none
S02551,0,none
S02552,0,none
S02553,0,none
S02554,0,none
S02555,0,none
S02556,0,none
S02557,0,none
S02558,0,none
S02559,0,none
S02560,1,popularity_fallback
S02561,0,none
S02562,1,stale_index
S02563,0,none
S02564,1,price_band_shift
S02565,1,popularity_fallback
S02566,0,none
S02567,0,none
S02568,0,none
S02570,0,none
S02571,0,none
S02572,1,stale_index
S02573,1,price_band_shift
S02575,0,none
S02576,0,none
S02577,0,none
S02578,0,none
S02579,0,none
S02580,0,none
S02581,1,price_band_shift
S02582,1,price_band_shift
S02583,0,none
S02586,0,none
S02587,0,none
S02588,1,popularity_fallback
S02589,0,none
S02590,1,popularity_fallback
S02591,0,none
S02592,0,none
S02593,0,none
S02594,0,none
S02596,0,none
S02597,0,none
S02598,1,stale_index
S02600,0,none
S02601,0,none
S02602,0,none
S02603,0,none
S02604,1,price_band_shift
S02605,0,none
S02606,0,none
S02607,0,none
S02608,0,none
S02609,0,none
S02610,1,price_band_shift
S02611,0,none
S02612,0,none
S02613,1,stale_index
S02614,0,none
S02615,0,none
S02616,0,none
S02617,1,stale_index
S02618,0,none
S02619,0,none
S02620,0,none
S02621,0,none
S02622,0,none
S02623,0,none
S02624,1,popularity_fallback
S02625,0,none
S02626,0,none
S02627,0,none
S02628,0,none
S02629,1,price_band_shift
S02630,0,none
S02631,0,none
S02632,0,none
S02633,0,none
S02635,1,stale_index
S02637,0,none
S02638,0,none
S02639,0,none
S02640,0,none
S02641,1,popularity_fallback
S02642,0,none
S02643,0,none
S02644,0,none
S02645,1,popularity_fallback
S02646,0,none
S02647,1,stale_index
S02648,0,none
S02649,0,none
S02650,0,none
S02651,1,price_band_shift
S02652,0,none
S02653,1,popularity_fallback
S02654,0,none
S02655,0,none
S02656,1,price_band_shift
S02657,0,none
S02658,1,stale_index
S02659,0,none
S02660,1,popularity_fallback
S02661,1,price_band_shift
S02662,0,none
S02663,0,none
S02664,0,none
S02665,0,none
S02666,1,price_band_shift
S02667,1,price_band_shift
S02668,0,none
S02670,1,stale_index
S02671,1,stale_index
S02672,0,none
S02673,1,popularity_fallback
S02675,0,none
S02676,1,popularity_fallback
S02678,0,none
S02679,1,popularity_fallback
S02680,1,stale_index
S02681,0,none
S02682,0,none
S02683,1,stale_index
S02684,1,price_band_shift
S02685,0,none
S02686,0,none
S02688,0,none
S02690,0,none
S02691,0,none
S02692,0,none
S02693,1,price_band_shift
S02694,1,popularity_fallback
S02695,1,stale_index
S02696,0,none
S02697,1,popularity_fallback
S02698,1,popularity_fallback
S02699,0,none
S02700,1,stale_index
S02701,1,popularity_fallback
S02702,0,none
S02703,0,none
S02704,0,none
S02705,0,none
S02706,0,none
S02707,0,none
S02708,0,none
S02709,0,none
S02710,0,none
S02712,0,none
S02713,0,none
S02715,0,none
S02718,1,price_band_shift
S02719,1,stale_index
S02720,0,none
S02721,0,none
S02722,1,price_band_shift
S02723,0,none
S02724,0,none
S02726,1,stale_index
S02728,1,stale_index
S02729,1,stale_index
S02730,0,none
S02731,0,none
S02732,0,none
S02733,1,popularity_fallback
S02734,0,none
S02735,1,price_band_shift
S02736,0,none
S02737,0,none
S02738,0,none
S02739,0,none
S02740,0,none
S02741,0,none
S02742,0,none
S02743,0,none
S02744,1,popularity_fallback
S02746,0,none
S02747,0,none
S02748,1,popularity_fallback
S02749,0,none
S02750,0,none
S02751,0,none
S02752,1,stale_index
S02753,1,popularity_fallback
S02754,1,price_band_shift
S02755,0,none
S02756,1,popularity_fallback
S02757,0,none
S02759,1,price_band_shift
S02760,1,price_band_shift
S02761,0,none
S02762,0,none
S02763,0,none
S02764,0,none
S02765,1,stale_index
S02766,1,popularity_fallback
S02767,1,price_band_shift
S02768,0,none
S02769,0,none
S02770,1,stale_index
S02771,0,none
S02772,0,none
S02774,0,none
S02776,1,popularity_fallback
S02777,1,stale_index
S02778,0,none
S02779,1,stale_index
S02780,1,price_band_shift
S02781,1,stale_index
S02782,1,popularity_fallback
S02783,1,price_band_shift
S02785,0,none
S02786,1,price_band_shift
S02787,0,none
S02788,1,stale_index
S02790,0,none
S02791,0,none
S02793,1,price_band_shift
S02794,1,price_band_shift
S02795,1,price_band_shift
S02796,0,none
S02797,0,none
S02798,0,none
S02799,0,none
S02800,0,none
S02801,1,stale_index
S02802,1,stale_index
S02803,0,none
S02804,0,none
S02805,1,stale_index
S02806,0,none
S02807,0,none
S02808,0,none
S02809,0,none
S02810,0,none
S02812,1,price_band_shift
S02813,1,price_band_shift
S02814,1,popularity_fallback
S02815,0,none
S02816,1,popularity_fallback
S02817,0,none
S02818,0,none
S02819,1,price_band_shift
S02820,0,none
S02821,0,none
S02822,0,none
S02823,0,none
S02825,1,stale_index
S02826,1,stale_index
S02827,1,stale_index
S02828,1,popularity_fallback
S02829,0,none
S02830,0,none
S02831,1,stale_index
S02832,1,popularity_fallback
S02833,1,stale_index
S02835,1,price_band_shift
S02837,1,price_band_shift
S02838,0,none
S02839,0,none
S02840,0,none
S02841,0,none
S02842,1,stale_index
S02843,0,none
S02844,0,none
S02846,0,none
S02848,0,none
S02849,0,none
S02850,0,none
S02851,1,stale_index
S02852,0,none
S02853,1,popularity_fallback
S02856,0,none
S02857,0,none
S02858,1,stale_index
S02859,0,none
S02860,0,none
S02861,0,none
S02862,0,none
S02863,0,none
S02864,0,none
S02865,0,none
S02866,0,none
S02867,0,none
S02868,1,popularity_fallback
S02869,1,stale_index
S02870,0,none
S02871,1,price_band_shift
S02872,0,none
S02873,1,stale_index
S02875,0,none
S02876,0,none
S02878,0,none
S02880,0,none
S02881,0,none
S02883,1,stale_index
S02884,1,popularity_fallback
S02885,1,popularity_fallback
S02887,0,none
S02888,1,stale_index
S02889,0,none
S02892,1,stale_index
S02893,0,none
S02894,1,price_band_shift
S02895,0,none
S02896,1,stale_index
S02897,1,price_band_shift
S02898,0,none
S02899,1,price_band_shift
S02900,0,none
S02901,0,none
S02902,0,none
S02903,0,none
S02904,1,popularity_fallback
S02905,1,stale_index
S02906,0,none
S02908,0,none
S02909,0,none
S02910,1,popularity_fallback
S02911,0,none
S02912,0,none
S02914,0,none
S02915,0,none
S02916,1,popularity_fallback
S02917,0,none
S02918,0,none
S02919,1,popularity_fallback
S02920,1,popularity_fallback
S02921,0,none
S02922,0,none
S02923,1,popularity_fallback
S02924,1,price_band_shift
S02925,0,none
S02926,1,price_band_shift
S02927,0,none
S02928,0,none
S02929,0,none
S02931,1,price_band_shift
S02932,0,none
S02934,0,none
S02935,0,none
S02938,1,price_band_shift
S02939,0,none
S02940,1,stale_index
S02941,0,none
S02942,0,none
S02944,1,price_band_shift
S02945,0,none
S02946,1,price_band_shift
S02948,0,none
S02950,0,none
S02952,0,none
S02954,0,none
S02957,0,none
S02958,0,none
S02959,0,none
S02960,1,popularity_fallback
S02961,1,popularity_fallback
S02962,0,none
S02963,0,none
S02964,0,none
S02965,1,popularity_fallback
S02966,1,stale_index
S02967,1,price_band_shift
S02968,0,none
S02969,0,none
S02970,1,price_band_shift
S02972,1,price_band_shift
S02973,0,none
S02974,0,none
S02975,0,none
S02976,0,none
S02978,1,price_band_shift
S02979,0,none
S02980,0,none
S02981,1,popularity_fallback
S02983,1,stale_index
S02984,0,none
S02985,1,price_band_shift
S02986,1,popularity_fallback
S02987,0,none
S02988,1,price_band_shift
S02989,1,popularity_fallback
S02990,0,none
S02991,1,popularity_fallback
S02992,0,none
S02993,1,stale_index
S02994,0,none
S02995,0,none
S02996,0,none
S02997,1,popularity_fallback
S02998,1,stale_index
S02999,0,none
S03000,0,none
S03001,0,none
S03002,0,none
S03003,1,stale_index
S03004,0,none
S03006,1,stale_index
S03007,0,none
S03008,0,none
S03010,1,price_band_shift
S03011,0,none
S03012,0,none
S03013,0,none
S03014,0,none
S03015,0,none
S03016,1,stale_index
S03017,1,price_band_shift
S03018,1,stale_index
S03019,0,none
S03020,0,none
S03021,0,none
S03022,0,none
S03023,1,price_band_shift
S03024,0,none
S03025,1,stale_index
S03026,0,none
S03027,0,none
S03028,1,popularity_fallback
S03029,0,none
S03030,1,popularity_fallback
S03031,0,none
S03033,1,stale_index
S03034,0,none
S03035,1,stale_index
S03036,1,stale_index
S03037,0,none
S03038,1,popularity_fallback
S03040,0,none
S03042,1,stale_index
S03043,0,none
S03044,0,none
S03045,0,none
S03046,1,stale_index
S03047,0,none
S03048,0,none
S03049,1,popularity_fallback
S03050,1,popularity_fallback
S03051,0,none
S03052,0,none
S03053,0,none
S03054,0,none
S03055,0,none
S03056,0,none
S03057,0,none
S03058,0,none
S03059,0,none
S03060,0,none
S03061,1,stale_index
S03062,0,none
S03063,0,none
S03064,1,popularity_fallback
S03065,1,stale_index
S03066,0,none
S03070,0,none
S03072,1,stale_index
S03073,0,none
S03074,0,none
S03075,0,none
S03076,0,none
S03077,0,none
S03078,0,none
S03079,1,stale_index
S03081,0,none
S03082,0,none
S03084,1,popularity_fallback
S03085,0,none
S03086,1,popularity_fallback
S03087,1,popularity_fallback
S03088,0,none
S03089,1,popularity_fallback
S03090,1,price_band_shift
S03091,0,none
S03092,1,stale_index
S03093,1,price_band_shift
S03094,0,none
S03095,1,stale_index
S03096,1,price_band_shift
S03097,0,none
S03098,1,popularity_fallback
S03099,0,none
S03100,0,none
S03101,1,popularity_fallback
S03102,0,none
S03103,0,none
S03104,0,none
S03105,0,none
S03106,0,none
S03107,1,stale_index
S03108,1,price_band_shift
S03109,0,none
S03110,1,price_band_shift
S03111,0,none
S03112,0,none
S03113,1,popularity_fallback
S03114,0,none
S03115,1,stale_index
S03116,1,price_band_shift
S03117,0,none
S03118,0,none
S03119,0,none
S03120,0,none
S03121,0,none
S03122,1,popularity_fallback
S03123,0,none
S03124,0,none
S03125,1,popularity_fallback
S03127,0,none
S03129,0,none
S03131,1,stale_index
S03132,0,none
S03133,0,none
S03135,0,none
S03136,1,stale_index
S03137,0,none
S03138,1,popularity_fallback
S03139,0,none
S03140,1,stale_index
S03141,1,stale_index
S03142,0,none
S03143,1,price_band_shift
S03144,1,stale_index
S03145,1,popularity_fallback
S03146,0,none
S03147,1,popularity_fallback
S03148,1,price_band_shift
S03149,0,none
S03150,0,none
S03151,0,none
S03152,0,none
S03153,0,none
S03154,0,none
S03156,0,none
S03157,1,popularity_fallback
S03158,0,none
S03159,0,none
S03160,1,price_band_shift
S03161,0,none
S03162,1,price_band_shift
S03163,0,none
S03164,1,popularity_fallback
S03165,0,none
S03166,0,none
S03167,0,none
S03168,0,none
S03169,1,price_band_shift
S03171,0,none
S03172,0,none
S03173,0,none
S03178,1,stale_index
S03179,0,none
S03180,0,none
S03181,0,none
S03182,1,stale_index
S03183,1,stale_index
S03184,1,stale_index
S03185,1,price_band_shift
S03186,0,none
S03187,0,none
S03190,0,none
S03191,1,popularity_fallback
S03192,0,none
S03193,0,none
S03194,0,none
S03195,0,none
S03196,1,price_band_shift
S03197,1,price_band_shift
S03198,1,stale_index
S03199,1,stale_index
S03200,0,none
S03201,1,popularity_fallback
S03202,1,stale_index
S03204,0,none
S03205,0,none
S03206,0,none
S03207,0,none
S03208,0,none
S03210,0,none
S03211,1,stale_index
S03212,1,popularity_fallback
S03213,0,none
S03214,1,popularity_fallback
S03215,0,none
S03216,0,none
S03218,1,stale_index
S03219,1,stale_index
S03220,1,price_band_shift
S03221,1,price_band_shift
S03222,1,price_band_shift
S03223,0,none
S03224,0,none
S03225,0,none
S03226,0,none
S03227,1,popularity_fallback
S03228,0,none
S03229,0,none
S03230,1,stale_index
S03231,0,none
S03233,0,none
S03234,1,popularity_fallback
S03235,0,none
S03236,0,none
S03237,1,stale_index
S03238,0,none
S03239,0,none
S03240,0,none
S03241,0,none
S03243,1,popularity_fallback
S03245,0,none
S03246,1,popularity_fallback
S03247,0,none
S03248,0,none
S03249,1,popularity_fallback
S03250,0,none
S03251,0,none
S03252,0,none
S03253,0,none
S03254,1,price_band_shift
S03255,0,none
S03256,1,price_band_shift
S03257,0,none
S03259,1,stale_index
S03261,1,popularity_fallback
S03262,1,price_band_shift
S03263,1,stale_index
S03264,0,none
S03265,0,none
S03266,0,none
S03267,1,popularity_fallback
S03269,1,stale_index
S03270,1,price_band_shift
S03271,0,none
S03272,1,stale_index
S03273,0,none
S03274,0,none
S03275,0,none
S03277,1,popularity_fallback
S03278,0,none
S03282,1,price_band_shift
S03283,0,none
S03286,0,none
S03287,0,none
S03288,0,none
S03289,0,none
S03290,0,none
S03291,1,stale_index
S03292,0,none
S03294,0,none
S03296,0,none
S03297,1,stale_index
S03298,1,stale_index
S03299,0,none
S03300,0,none
S03302,1,popularity_fallback
S03303,0,none
S03305,0,none
S03306,0,none
S03307,1,price_band_shift
S03308,1,price_band_shift
S03309,0,none
S03311,0,none
S03312,0,none
S03313,0,none
S03314,1,stale_index
S03315,1,stale_index
S03316,1,stale_index
S03317,1,stale_index
S03318,0,none
S03320,1,popularity_fallback
S03322,1,stale_index
S03323,0,none
S03324,1,price_band_shift
S03325,1,stale_index
S03326,0,none
S03327,0,none
S03328,0,none
S03329,1,price_band_shift
S03331,1,popularity_fallback
S03334,1,stale_index
S03335,1,stale_index
S03336,1,price_band_shift
S03337,0,none
S03338,0,none
S03339,1,price_band_shift
S03341,0,none
S03343,0,none
S03344,1,popularity_fallback
S03346,0,none
S03348,0,none
S03349,0,none
S03350,1,stale_index
S03351,0,none
S03352,1,popularity_fallback
S03353,0,none
S03354,0,none
S03355,0,none
S03356,0,none
S03357,0,none
S03358,1,price_band_shift
S03359,0,none
S03360,0,none
S03361,0,none
S03362,0,none
S03363,0,none
S03364,0,none
S03365,0,none
S03366,0,none
S03367,1,stale_index
S03369,0,none
S03370,0,none
S03371,0,none
S03372,0,none
S03373,1,price_band_shift
S03374,0,none
S03375,1,stale_index
S03376,0,none
S03377,0,none
S03378,1,price_band_shift
S03379,0,none
S03380,0,none
S03381,0,none
S03382,0,none
S03383,0,none
S03385,0,none
S03386,0,none
S03387,1,price_band_shift
S03388,0,none
S03389,0,none
S03390,1,price_band_shift
S03392,0,none
S03393,0,none
S03395,0,none
S03396,0,none
S03397,0,none
S03399,1,popularity_fallback
S03400,0,none
S03401,0,none
S03402,0,none
S03404,1,price_band_shift
S03406,0,none
S03407,1,stale_index
S03408,1,popularity_fallback
S03409,1,price_band_shift
S03410,1,price_band_shift
S03411,0,none
S03412,0,none
S03414,0,none
S03415,0,none
S03416,0,none
S03417,0,none
S03418,1,stale_index
S03419,0,none
S03420,0,none
S03421,0,none
S03422,1,popularity_fallback
S03423,0,none
S03424,0,none
S03425,0,none
S03426,1,price_band_shift
S03427,0,none
S03428,1,price_band_shift
S03429,1,price_band_shift
S03430,1,price_band_shift
S03433,0,none
S03435,0,none
S03436,1,stale_index
S03437,1,price_band_shift
S03438,1,price_band_shift
S03439,0,none
S03440,1,price_band_shift
S03441,0,none
S03442,0,none
S03443,1,stale_index
S03445,0,none
S03446,1,stale_index
S03447,1,popularity_fallback
S03450,0,none
S03451,0,none
S03452,0,none
S03453,1,stale_index
S03454,0,none
S03455,0,none
S03456,1,price_band_shift
S03457,1,popularity_fallback
S03458,1,price_band_shift
S03459,0,none
S03460,0,none
S03461,0,none
S03462,0,none
S03463,0,none
S03464,1,price_band_shift
S03465,0,none
S03466,1,stale_index
S03467,0,none
S03468,0,none
S03469,0,none
S03471,0,none
S03472,0,none
S03473,1,price_band_shift
S03474,1,price_band_shift
S03475,1,price_band_shift
S03476,1,price_band_shift
S03477,1,price_band_shift
S03478,1,popularity_fallback
S03479,0,none
S03480,0,none
S03481,0,none
S03482,0,none
S03483,1,price_band_shift
S03484,0,none
S03485,1,stale_index
S03486,0,none
S03487,0,none
S03488,0,none
S03489,0,none
S03490,0,none
S03491,1,price_band_shift
S03493,0,none
S03494,1,price_band_shift
S03495,0,none
S03496,1,price_band_shift
S03497,1,stale_index
S03498,1,stale_index
S03499,0,none
S03502,0,none
S03503,0,none
S03504,0,none
S03505,0,none
S03507,1,stale_index
S03508,0,none
S03509,0,none
S03510,0,none
S03511,0,none
S03512,0,none
S03513,1,price_band_shift
S03514,0,none
S03515,0,none
S03516,0,none
S03517,0,none
S03518,0,none
S03520,0,none
S03521,1,price_band_shift
S03522,1,popularity_fallback
S03523,0,none
S03524,1,price_band_shift
S03526,1,price_band_shift
S03527,0,none
S03528,0,none
S03529,1,stale_index
S03530,0,none
S03533,0,none
S03534,1,stale_index
S03535,1,stale_index
S03536,1,popularity_fallback
S03537,1,popularity_fallback
S03538,0,none
S03539,0,none
S03540,0,none
S03541,0,none
S03542,0,none
S03543,0,none
S03544,0,none
S03545,1,popularity_fallback
S03546,1,stale_index
S03547,1,price_band_shift
S03548,0,none
S03549,0,none
S03550,1,price_band_shift
S03551,0,none
S03552,1,stale_index
S03553,0,none
S03554,0,none
S03555,1,price_band_shift
S03556,1,price_band_shift
S03557,0,none
S03559,0,none
S03560,0,none
S03561,1,price_band_shift
S03562,0,none
S03563,1,stale_index
S03564,1,popularity_fallback
S03565,0,none
S03566,0,none
S03567,0,none
S03568,0,none
S03569,0,none
S03570,0,none
S03571,0,none
S03572,1,price_band_shift
S03573,1,stale_index
S03574,0,none
S03575,0,none
S03576,0,none
S03579,0,none
S03580,0,none
S03581,0,none
S03582,0,none
S03583,1,popularity_fallback
S03584,0,none
S03585,1,price_band_shift
S03587,0,none
S03589,1,stale_index
S03590,1,stale_index
S03591,0,none
S03592,0,none
S03593,0,none
S03596,1,popularity_fallback
S03598,0,none
S03600,1,stale_index
S03601,1,stale_index
S03602,0,none
S03603,0,none
S03604,1,price_band_shift
S03605,0,none
S03606,0,none
S03607,0,none
S03609,1,price_band_shift
S03611,0,none
S03613,1,stale_index
S03614,1,stale_index
S03615,0,none
S03616,1,stale_index
S03617,1,stale_index
S03618,0,none
S03619,1,popularity_fallback
S03620,0,none
S03621,0,none
S03622,0,none
S03623,0,none
S03624,0,none
S03625,0,none
S03626,0,none
S03627,0,none
S03628,0,none
S03629,1,stale_index
S03630,0,none
S03631,0,none
S03632,0,none
S03633,0,none
S03634,1,popularity_fallback
S03635,1,popularity_fallback
S03636,0,none
S03638,0,none
S03639,1,price_band_shift
S03640,1,popularity_fallback
S03641,0,none
S03643,0,none
S03644,0,none
S03645,0,none
S03646,0,none
S03647,1,stale_index
S03649,0,none
S03650,1,price_band_shift
S03651,0,none
S03652,1,price_band_shift
S03653,0,none
S03654,0,none
S03655,1,price_band_shift
S03656,1,stale_index
S03658,1,stale_index
S03659,1,stale_index
S03661,0,none
S03662,0,none
S03663,1,price_band_shift
S03664,1,popularity_fallback
S03665,0,none
S03666,1,price_band_shift
S03667,1,popularity_fallback
S03668,0,none
S03669,1,price_band_shift
S03670,0,none
S03671,1,price_band_shift
S03673,0,none
S03674,1,stale_index
S03675,1,price_band_shift
S03676,0,none
S03677,0,none
S03678,0,none
S03679,0,none
S03680,0,none
S03681,0,none
S03682,0,none
S03683,0,none
S03684,1,stale_index
S03685,1,popularity_fallback
S03686,1,stale_index
S03687,0,none
S03688,1,price_band_shift
S03689,0,none
S03690,0,none
S03691,1,price_band_shift
S03692,0,none
S03693,0,none
S03696,0,none
S03697,0,none
S03698,0,none
S03699,0,none
S03700,0,none
S03701,0,none
S03702,0,none
S03705,1,popularity_fallback
S03706,0,none
S03707,0,none
S03708,1,stale_index
S03709,0,none
S03710,0,none
S03711,0,none
S03712,0,none
S03713,1,popularity_fallback
S03714,0,none
S03715,1,stale_index
S03716,0,none
S03717,0,none
S03718,1,popularity_fallback
S03719,1,price_band_shift
S03720,0,none
S03721,0,none
S03722,1,price_band_shift
S03723,1,stale_index
S03724,1,popularity_fallback
S03725,1,popularity_fallback
S03726,1,popularity_fallback
S03727,1,popularity_fallback
S03729,1,stale_index
S03730,1,popularity_fallback
S03731,0,none
S03733,0,none
S03734,0,none
S03735,0,none
S03736,1,price_band_shift
S03737,0,none
S03738,0,none
S03739,0,none
S03741,1,price_band_shift
S03742,0,none
S03743,1,stale_index
S03744,0,none
S03745,1,stale_index
S03746,0,none
S03747,1,popularity_fallback
S03748,0,none
S03749,1,stale_index
S03750,1,stale_index
S03751,0,none
S03752,0,none
S03753,1,popularity_fallback
S03754,1,popularity_fallback
S03755,0,none
S03756,0,none
S03757,1,price_band_shift
S03758,0,none
S03760,0,none
S03761,0,none
S03763,1,popularity_fallback
S03764,1,stale_index
S03765,0,none
S03766,0,none
S03767,0,none
S03768,0,none
S03769,0,none
S03770,0,none
S03771,1,price_band_shift
S03772,0,none
S03773,0,none
S03774,0,none
S03777,0,none
S03781,0,none
S03782,1,price_band_shift
S03783,0,none
S03785,1,price_band_shift
S03786,1,popularity_fallback
S03787,1,popularity_fallback
S03788,0,none
S03789,1,price_band_shift
S03790,1,stale_index
S03791,1,popularity_fallback
S03792,0,none
S03793,1,stale_index
S03794,0,none
S03795,0,none
S03796,0,none
S03797,0,none
S03799,0,none
S03800,1,popularity_fallback
S03801,0,none
S03803,0,none
S03804,0,none
S03805,1,price_band_shift
S03806,0,none
S03807,0,none
S03808,0,none
S03809,0,none
S03810,0,none
S03811,0,none
S03812,0,none
S03813,0,none
S03814,0,none
S03815,0,none
S03816,1,stale_index
S03817,0,none
S03818,1,price_band_shift
S03819,0,none
S03820,1,stale_index
S03821,0,none
S03822,1,popularity_fallback
S03823,0,none
S03824,0,none
S03825,0,none
S03826,0,none
S03827,0,none
S03828,0,none
S03829,0,none
S03830,1,price_band_shift
S03831,1,stale_index
S03832,0,none
S03833,1,stale_index
S03834,1,popularity_fallback
S03835,0,none
S03836,1,stale_index
S03837,0,none
S03838,1,stale_index
S03839,0,none
S03840,0,none
S03841,1,popularity_fallback
S03843,0,none
S03845,1,price_band_shift
S03846,0,none
S03847,0,none
S03848,0,none
S03849,1,price_band_shift
S03850,0,none
S03851,0,none
S03852,1,popularity_fallback
S03854,0,none
S03855,0,none
S03856,0,none
S03857,0,none
S03858,1,popularity_fallback
S03859,1,stale_index
S03861,1,price_band_shift
S03862,1,price_band_shift
S03863,1,price_band_shift
S03864,0,none
S03865,1,price_band_shift
S03866,0,none
S03867,1,stale_index
S03868,1,stale_index
S03869,1,popularity_fallback
S03870,0,none
S03871,0,none
S03872,0,none
S03873,0,none
S03874,0,none
S03875,0,none
S03876,0,none
S03877,0,none
S03878,0,none
S03879,1,popularity_fallback
S03880,0,none
S03881,1,popularity_fallback
S03883,0,none
S03884,0,none
S03885,0,none
S03886,0,none
S03887,1,price_band_shift
S03889,1,stale_index
S03890,0,none
S03891,0,none
S03892,0,none
S03893,1,price_band_shift
S03894,1,popularity_fallback
S03895,0,none
S03896,0,none
S03897,1,stale_index
S03898,0,none
S03899,0,none
S03900,0,none
S03901,0,none
S03903,0,none
S03905,1,popularity_fallback
S03907,0,none
S03908,1,popularity_fallback
S03910,0,none
S03911,1,price_band_shift
S03912,0,none
S03913,0,none
S03914,1,stale_index
S03915,1,stale_index
S03916,0,none
S03917,0,none
S03918,0,none
S03919,0,none
S03920,1,price_band_shift
S03921,0,none
S03922,0,none
S03924,1,popularity_fallback
S03925,0,none
S03926,1,stale_index
S03927,0,none
S03928,0,none
S03929,0,none
S03930,0,none
S03931,1,stale_index
S03932,0,none
S03933,1,stale_index
S03934,0,none
S03936,1,stale_index
S03937,0,none
S03938,0,none
S03940,0,none
S03941,1,stale_index
S03942,0,none
S03943,0,none
S03944,1,stale_index
S03946,1,popularity_fallback
S03947,0,none
S03948,0,none
S03949,1,stale_index
S03950,0,none
S03951,1,popularity_fallback
S03952,0,none
S03953,0,none
S03954,1,price_band_shift
S03955,0,none
S03956,0,none
S03957,0,none
S03958,1,popularity_fallback
S03960,0,none
S03961,0,none
S03962,1,popularity_fallback
S03963,1,popularity_fallback
S03964,0,none
S03965,0,none
S03966,1,popularity_fallback
S03967,1,stale_index
S03968,0,none
S03969,0,none
S03970,0,none
S03971,0,none
S03972,0,none
S03973,1,popularity_fallback
S03974,1,stale_index
S03975,0,none
S03976,1,stale_index
S03977,1,stale_index
S03978,0,none
S03979,0,none
S03980,1,popularity_fallback
S03981,1,stale_index
S03982,1,popularity_fallback
S03983,0,none
S03984,1,popularity_fallback
S03985,0,none
S03987,1,stale_index
S03988,0,none
S03989,1,stale_index
S03990,0,none
S03991,1,popularity_fallback
S03992,0,none
S03994,0,none
S03995,1,popularity_fallback
S03996,0,none
S03997,0,none
S03998,1,stale_index
S03999,0,none
S04000,0,none
S04001,0,none
S04002,0,none
S04004,0,none
S04005,0,none
S04006,0,none
S04007,1,price_band_shift
S04009,1,popularity_fallback
S04010,1,stale_index
S04011,0,none
S04012,0,none
S04013,1,popularity_fallback
S04014,0,none
S04015,1,popularity_fallback
S04017,1,popularity_fallback
S04018,1,popularity_fallback
S04019,1,popularity_fallback
S04020,0,none
S04021,1,popularity_fallback
S04022,0,none
S04023,0,none
S04025,0,none
S04027,0,none
S04028,1,price_band_shift
S04029,0,none
S04030,0,none
S04031,1,popularity_fallback
S04032,1,price_band_shift
S04033,0,none
S04034,0,none
S04035,1,price_band_shift
S04037,0,none
S04038,0,none
S04039,1,price_band_shift
S04040,0,none
S04042,0,none
S04043,1,stale_index
S04044,1,price_band_shift
S04045,0,none
S04046,0,none
S04047,0,none
S04048,0,none
S04049,0,none
S04051,1,popularity_fallback
S04053,0,none
S04054,0,none
S04055,1,price_band_shift
S04056,0,none
S04057,0,none
S04058,0,none
S04059,0,none
S04060,0,none
S04061,0,none
S04062,0,none
S04063,0,none
S04064,1,stale_index
S04065,0,none
S04066,1,stale_index
S04067,1,stale_index
S04068,0,none
S04069,0,none
S04070,0,none
S04071,0,none
S04073,0,none
S04074,0,none
S04075,1,stale_index
S04076,0,none
S04077,0,none
S04078,0,none
S04079,0,none
S04080,0,none
S04081,0,none
S04082,0,none
S04083,0,none
S04084,1,stale_index
S04085,0,none
S04086,0,none
S04088,0,none
S04089,0,none
S04091,1,price_band_shift
S04092,0,none
S04093,1,popularity_fallback
S04095,1,price_band_shift
S04096,0,none
S04097,1,price_band_shift
S04098,0,none
S04099,0,none
S04100,0,none
S04101,1,stale_index
S04102,1,stale_index
S04103,0,none
S04104,0,none
S04105,0,none
S04106,1,popularity_fallback
S04107,0,none
S04108,0,none
S04109,1,stale_index
S04111,0,none
S04112,0,none
S04115,0,none
S04116,0,none
S04118,1,stale_index
S04119,0,none
S04120,0,none
S04121,0,none
S04122,1,popularity_fallback
S04123,0,none
S04124,0,none
S04125,0,none
S04126,1,stale_index
S04127,1,price_band_shift
S04128,1,stale_index
S04129,1,popularity_fallback
S04130,0,none
S04131,0,none
S04132,0,none
S04133,1,stale_index
S04135,1,price_band_shift
S04137,1,stale_index
S04139,1,popularity_fallback
S04140,0,none
S04142,0,none
S04145,0,none
S04146,0,none
S04149,0,none
S04150,0,none
S04152,0,none
S04153,0,none
S04154,0,none
S04156,0,none
S04157,0,none
S04158,1,price_band_shift
S04159,0,none
S04161,0,none
S04162,0,none
S04163,0,none
S04164,1,popularity_fallback
S04165,1,price_band_shift
S04166,0,none
S04167,1,popularity_fallback
S04168,1,price_band_shift
S04169,0,none
S04170,0,none
S04172,1,price_band_shift
S04173,1,popularity_fallback
S04174,1,popularity_fallback
S04175,0,none
S04176,1,stale_index
S04177,1,popularity_fallback
S04178,1,stale_index
S04179,0,none
S04180,0,none
S04181,1,popularity_fallback
S04182,0,none
S04183,0,none
S04184,1,price_band_shift
S04185,0,none
S04186,1,price_band_shift
S04187,1,price_band_shift
S04188,0,none
S04189,1,popularity_fallback
S04190,1,popularity_fallback
S04191,1,popularity_fallback
S04192,1,stale_index
S04193,1,stale_index
S04194,0,none
S04195,1,price_band_shift
S04196,1,popularity_fallback
S04197,0,none
S04198,1,stale_index
S04199,1,price_band_shift
S04200,0,none
S04201,1,price_band_shift
S04202,0,none
S04203,0,none
S04205,0,none
S04206,0,none
S04207,0,none
S04208,0,none
S04209,0,none
S04210,0,none
S04211,0,none
S04212,0,none
S04213,0,none
S04214,0,none
S04215,1,popularity_fallback
S04217,1,stale_index
S04218,0,none
S04221,1,popularity_fallback
S04222,0,none
S04224,0,none
S04225,0,none
S04226,0,none
S04227,0,none
S04228,0,none
S04229,1,popularity_fallback
S04230,0,none
S04231,0,none
S04232,0,none
S04234,0,none
S04235,0,none
S04236,0,none
S04238,1,stale_index
S04239,0,none
S04240,0,none
S04241,0,none
S04242,0,none
S04244,0,none
S04245,0,none
S04246,1,popularity_fallback
S04247,1,popularity_fallback
S04248,0,none
S04249,0,none
S04251,1,price_band_shift
S04252,0,none
S04253,1,price_band_shift
S04254,1,price_band_shift
S04255,0,none
S04256,1,price_band_shift
S04257,1,popularity_fallback
S04258,0,none
S04260,0,none
S04262,0,none
S04263,1,popularity_fallback
S04264,0,none
S04265,1,stale_index
S04268,0,none
S04269,1,stale_index
S04270,1,popularity_fallback
S04271,0,none
S04272,0,none
S04273,0,none
S04274,0,none
S04276,0,none
S04277,0,none
S04278,0,none
S04279,1,price_band_shift
S04280,1,stale_index
S04282,1,popularity_fallback
S04283,0,none
S04284,0,none
S04285,0,none
S04286,1,stale_index
S04287,0,none
S04288,0,none
S04289,1,price_band_shift
S04290,0,none
S04292,0,none
S04293,0,none
S04294,0,none
S04295,0,none
S04296,0,none
S04297,1,stale_index
S04298,1,popularity_fallback
S04299,1,stale_index
S04300,0,none
S04301,0,none
S04302,0,none
S04303,0,none
S04304,0,none
S04305,0,none
S04306,0,none
S04307,0,none
S04308,1,stale_index
S04309,0,none
S04311,0,none
S04312,0,none
S04313,0,none
S04314,1,popularity_fallback
S04315,0,none
S04316,0,none
S04317,1,stale_index
S04318,0,none
S04319,0,none
S04320,0,none
S04321,1,popularity_fallback
S04322,0,none
S04323,1,price_band_shift
S04324,0,none
S04325,1,stale_index
S04326,0,none
S04327,1,stale_index
S04328,0,none
S04329,0,none
S04330,0,none
S04331,0,none
S04332,1,popularity_fallback
S04334,0,none
S04335,0,none
S04336,1,price_band_shift
S04337,0,none
S04338,1,price_band_shift
S04339,0,none
S04341,0,none
S04342,1,price_band_shift
S04343,0,none
S04344,0,none
S04345,1,price_band_shift
S04346,1,price_band_shift
S04347,0,none
S04348,0,none
S04349,1,popularity_fallback
S04350,1,price_band_shift
S04351,1,popularity_fallback
S04352,0,none
S04353,1,popularity_fallback
S04354,0,none
S04355,0,none
S04356,0,none
S04357,1,stale_index
S04358,0,none
S04359,1,price_band_shift
S04360,0,none
S04361,1,stale_index
S04362,0,none
S04363,0,none
S04364,0,none
S04365,0,none
S04366,0,none
S04368,0,none
S04369,1,stale_index
S04370,1,popularity_fallback
S04371,0,none
S04372,1,price_band_shift
S04373,0,none
S04374,1,popularity_fallback
S04375,0,none
S04376,0,none
S04377,0,none
S04378,0,none
S04380,1,price_band_shift
S04381,0,none
S04382,1,price_band_shift
S04384,0,none
S04385,0,none
S04387,0,none
S04388,0,none
S04389,0,none
S04390,0,none
S04391,1,stale_index
S04392,0,none
S04393,0,none
S04394,0,none
S04395,0,none
S04396,0,none
S04397,1,price_band_shift
S04399,0,none
S04400,0,none
S04401,0,none
S04402,0,none
S04403,1,price_band_shift
S04404,0,none
S04405,1,popularity_fallback
S04406,1,price_band_shift
S04407,0,none
S04408,1,price_band_shift
S04409,0,none
S04410,1,stale_index
S04411,0,none
S04412,1,stale_index
S04413,0,none
S04414,0,none
S04415,0,none
S04416,0,none
S04417,1,stale_index
S04418,0,none
S04419,0,none
S04421,0,none
S04422,1,stale_index
S04423,0,none
S04424,0,none
S04425,0,none
S04428,0,none
S04429,0,none
S04432,0,none
S04433,0,none
S04434,0,none
S04435,0,none
S04436,0,none
S04437,1,popularity_fallback
S04438,0,none
S04439,1,stale_index
S04440,0,none
S04441,0,none
S04442,0,none
S04443,0,none
S04444,0,none
S04445,0,none
S04446,0,none
S04447,1,price_band_shift
S04448,1,price_band_shift
S04449,0,none
S04450,1,stale_index
S04451,0,none
S04452,0,none
S04454,0,none
S04455,1,popularity_fallback
S04456,1,stale_index
S04457,1,popularity_fallback
S04458,0,none
S04459,1,price_band_shift
S04460,1,popularity_fallback
S04462,1,stale_index
S04463,0,none
S04464,0,none
S04465,0,none
S04466,0,none
S04467,1,popularity_fallback
S04468,0,none
S04470,0,none
S04471,0,none
S04472,1,price_band_shift
S04473,1,stale_index
S04474,0,none
S04477,0,none
S04478,0,none
S04479,0,none
S04481,0,none
S04483,1,stale_index
S04484,0,none
S04485,0,none
S04486,0,none
S04487,1,stale_index
S04488,1,price_band_shift
S04489,1,price_band_shift
S04490,0,none
S04491,0,none
S04492,0,none
S04493,0,none
S04494,0,none
S04495,1,price_band_shift
S04496,0,none
S04497,0,none
S04498,1,price_band_shift
S04499,1,stale_index
S04500,0,none
S04501,0,none
S04502,1,popularity_fallback
S04503,1,popularity_fallback
S04504,1,stale_index
S04505,1,popularity_fallback
S04507,0,none
S04508,0,none
S04509,0,none
S04510,0,none
S04511,0,none
S04512,0,none
S04513,0,none
S04514,0,none
S04516,0,none
S04517,1,stale_index
S04518,0,none
S04519,0,none
S04521,0,none
S04522,1,stale_index
S04525,1,stale_index
S04526,0,none
S04527,0,none
S04528,0,none
S04529,1,price_band_shift
S04530,0,none
S04531,0,none
S04532,1,popularity_fallback
S04533,0,none
S04534,1,price_band_shift
S04536,0,none
S04537,1,stale_index
S04538,0,none
S04540,1,stale_index
S04541,0,none
S04542,0,none
S04543,0,none
S04544,0,none
S04545,1,popularity_fallback
S04547,1,stale_index
S04549,1,popularity_fallback
S04550,0,none
S04552,0,none
S04553,1,price_band_shift
S04554,1,popularity_fallback
S04555,1,stale_index
S04557,0,none
S04558,0,none
S04559,0,none
S04560,0,none
S04561,1,price_band_shift
S04562,0,none
S04567,0,none
S04568,1,price_band_shift
S04569,0,none
S04570,0,none
S04571,0,none
S04572,0,none
S04573,1,stale_index
S04575,1,stale_index
S04576,1,stale_index
S04577,1,stale_index
S04579,1,price_band_shift
S04580,0,none
S04581,0,none
S04582,0,none
S04583,1,price_band_shift
S04584,0,none
S04585,0,none
S04586,0,none
S04587,0,none
S04588,0,none
S04589,0,none
S04590,0,none
S04591,1,stale_index
S04592,0,none
S04593,0,none
S04594,0,none
S04595,0,none
S04596,1,popularity_fallback
S04597,0,none
S04599,0,none
S04600,0,none
S04601,1,popularity_fallback
S04602,1,price_band_shift
S04603,0,none
S04604,0,none
S04605,0,none
S04607,0,none
S04608,0,none
S04609,0,none
S04610,0,none
S04611,1,stale_index
S04612,0,none
S04613,0,none
S04614,0,none
S04615,1,stale_index
S04617,0,none
S04618,1,stale_index
S04619,0,none
S04622,0,none
S04623,0,none
S04624,0,none
S04626,1,popularity_fallback
S04627,1,popularity_fallback
S04628,0,none
S04629,0,none
S04630,0,none
S04631,1,price_band_shift
S04632,0,none
S04633,0,none
S04634,1,popularity_fallback
S04635,1,popularity_fallback
S04636,0,none
S04637,0,none
S04639,1,price_band_shift
S04640,0,none
S04642,1,stale_index
S04643,1,price_band_shift
S04644,1,popularity_fallback
S04645,0,none
S04646,0,none
S04647,1,stale_index
S04648,0,none
S04649,0,none
S04650,0,none
S04651,1,stale_index
S04652,0,none
S04653,0,none
S04654,0,none
S04655,0,none
S04656,1,popularity_fallback
S04657,1,popularity_fallback
S04658,0,none
S04661,0,none
S04663,0,none
S04665,1,popularity_fallback
S04666,1,popularity_fallback
S04667,0,none
S04668,1,popularity_fallback
S04669,1,stale_index
S04670,1,popularity_fallback
S04671,0,none
S04673,0,none
S04674,1,stale_index
S04675,0,none
S04676,1,popularity_fallback
S04677,1,stale_index
S04678,1,popularity_fallback
S04679,0,none
S04680,0,none
S04681,1,popularity_fallback
S04682,1,popularity_fallback
S04683,0,none
S04684,1,stale_index
S04685,0,none
S04686,0,none
S04687,1,price_band_shift
S04688,1,stale_index
S04689,0,none
S04691,0,none
S04692,1,popularity_fallback
S04695,0,none
S04696,0,none
S04697,1,popularity_fallback
S04698,0,none
S04699,0,none
S04700,0,none
S04702,0,none
S04703,0,none
S04705,0,none
S04706,0,none
S04707,0,none
S04708,0,none
S04709,0,none
S04710,0,none
S04711,1,popularity_fallback
S04712,1,popularity_fallback
S04713,0,none
S04714,1,stale_index
S04715,1,stale_index
S04716,0,none
S04717,1,stale_index
S04718,0,none
S04719,0,none
S04720,1,price_band_shift
S04721,0,none
S04722,1,popularity_fallback
S04723,0,none
S04724,0,none
S04725,1,popularity_fallback
S04726,0,none
S04727,0,none
S04728,0,none
S04729,0,none
S04730,0,none
S04731,1,price_band_shift
S04732,0,none
S04733,0,none
S04734,0,none
S04735,0,none
S04736,1,price_band_shift
S04737,1,stale_index
S04738,0,none
S04739,0,none
S04740,1,popularity_fallback
S04741,0,none
S04742,0,none
S04743,0,none
S04745,0,none
S04746,1,price_band_shift
S04747,0,none
S04750,0,none
S04751,0,none
S04752,1,stale_index
S04753,0,none
S04754,0,none
S04755,1,price_band_shift
S04756,0,none
S04757,0,none
S04758,0,none
S04759,0,none
S04760,1,price_band_shift
S04761,0,none
S04762,1,price_band_shift
S04763,0,none
S04764,0,none
S04767,0,none
S04768,0,none
S04769,1,stale_index
S04770,0,none
S04771,1,popularity_fallback
S04772,1,stale_index
S04773,0,none
S04774,1,stale_index
S04775,1,stale_index
S04777,0,none
S04778,0,none
S04779,0,none
S04780,0,none
S04781,0,none
S04784,0,none
S04785,0,none
S04786,1,popularity_fallback
S04787,0,none
S04789,0,none
S04790,1,stale_index
S04791,0,none
S04792,0,none
S04793,0,none
S04796,0,none
S04798,0,none
S04799,1,price_band_shift
S04801,0,none
S04802,0,none
S04803,1,popularity_fallback
S04804,1,price_band_shift
S04805,0,none
S04806,1,popularity_fallback
S04807,0,none
S04808,0,none
S04809,0,none
S04810,0,none
S04811,0,none
S04814,0,none
S04815,0,none
S04816,1,price_band_shift
S04817,0,none
S04818,0,none
S04819,0,none
S04820,1,stale_index
S04821,0,none
S04822,0,none
S04823,0,none
S04824,1,stale_index
S04825,0,none
S04826,0,none
S04828,1,price_band_shift
S04829,1,price_band_shift
S04830,0,none
S04831,0,none
S04832,0,none
S04833,0,none
S04834,0,none
S04836,1,price_band_shift
S04837,0,none
S04838,1,stale_index
S04839,0,none
S04840,0,none
S04841,0,none
S04842,0,none
S04843,0,none
S04844,0,none
S04845,0,none
S04847,0,none
S04848,0,none
S04849,0,none
S04850,0,none
S04851,1,popularity_fallback
S04852,0,none
S04853,0,none
S04854,0,none
S04855,1,popularity_fallback
S04856,1,stale_index
S04857,0,none
S04859,1,price_band_shift
S04860,0,none
S04861,0,none
S04863,1,popularity_fallback
S04864,1,popularity_fallback
S04865,0,none
S04866,0,none
S04867,1,popularity_fallback
S04868,0,none
S04869,0,none
S04870,0,none
S04872,0,none
S04873,0,none
S04874,0,none
S04875,0,none
S04876,1,stale_index
S04877,1,price_band_shift
S04878,0,none
S04879,1,price_band_shift
S04880,0,none
S04881,0,none
S04882,1,stale_index
S04883,0,none
S04886,0,none
S04887,0,none
S04888,1,stale_index
S04889,0,none
S04890,1,popularity_fallback
S04891,1,price_band_shift
S04892,0,none
S04893,1,stale_index
S04894,1,popularity_fallback
S04895,0,none
S04897,0,none
S04899,0,none
S04900,0,none
S04901,0,none
S04902,0,none
S04903,1,popularity_fallback
S04904,0,none
S04905,1,stale_index
S04906,1,stale_index
S04907,0,none
S04908,1,popularity_fallback
S04909,0,none
S04910,0,none
S04911,0,none
S04912,0,none
S04913,0,none
S04914,1,popularity_fallback
S04915,0,none
S04916,1,popularity_fallback
S04917,1,popularity_fallback
S04918,0,none
S04919,0,none
S04920,1,price_band_shift
S04921,0,none
S04923,0,none
S04924,1,popularity_fallback
S04925,0,none
S04926,0,none
S04927,0,none
S04929,1,popularity_fallback
S04930,0,none
S04931,1,popularity_fallback
S04932,1,popularity_fallback
S04933,0,none
S04934,1,popularity_fallback
S04936,0,none
S04937,0,none
S04938,0,none
S04939,1,price_band_shift
S04940,0,none
S04941,0,none
S04942,0,none
S04943,0,none
S04944,0,none
S04945,1,popularity_fallback
S04946,0,none
S04947,0,none
S04950,0,none
S04951,0,none
S04952,1,price_band_shift
S04953,0,none
S04954,0,none
S04955,1,price_band_shift
S04956,1,price_band_shift
S04957,0,none
S04959,0,none
S04960,1,price_band_shift
S04961,1,price_band_shift
S04962,0,none
S04963,0,none
S04964,0,none
S04965,0,none
S04966,0,none
S04968,1,popularity_fallback
S04969,0,none
S04970,0,none
S04971,1,stale_index
S04972,0,none
S04973,0,none
S04974,1,stale_index
S04975,0,none
S04976,0,none
S04977,1,popularity_fallback
S04979,0,none
S04981,0,none
S04982,0,none
S04983,0,none
S04984,0,none
S04987,0,none
S04988,1,stale_index
S04990,0,none
S04991,1,stale_index
S04992,0,none
S04993,0,none
S04994,1,popularity_fallback
S04997,0,none
S04998,0,none
S04999,0,none
S05002,1,popularity_fallback
S05003,0,none
S05004,1,popularity_fallback
S05005,0,none
S05006,0,none
S05007,0,none
S05009,0,none
S05010,0,none
S05011,0,none
S05012,0,none
S05013,0,none
S05015,0,none
S05016,1,stale_index
S05017,1,price_band_shift
S05018,0,none
S05019,1,popularity_fallback
S05020,0,none
S05021,0,none
S05022,0,none
S05023,0,none
S05024,0,none
S05025,1,price_band_shift
S05026,1,stale_index
S05027,1,popularity_fallback
S05028,1,price_band_shift
S05029,0,none
S05030,0,none
S05031,0,none
S05032,0,none
S05033,1,stale_index
S05034,1,popularity_fallback
S05035,1,price_band_shift
S05036,1,price_band_shift
S05037,1,stale_index
S05038,0,none
S05039,0,none
S05042,0,none
S05043,1,popularity_fallback
S05044,0,none
S05045,1,popularity_fallback
S05046,1,stale_index
S05047,1,stale_index
S05048,1,price_band_shift
S05049,1,stale_index
S05051,0,none
S05052,1,stale_index
S05053,0,none
S05054,0,none
S05055,0,none
S05056,0,none
S05057,1,price_band_shift
S05058,0,none
S05059,0,none
S05060,0,none
S05061,1,stale_index
S05062,0,none
S05064,0,none
S05065,1,price_band_shift
S05066,1,stale_index
S05069,0,none
S05070,0,none
S05071,0,none
S05072,0,none
S05074,0,none
S05075,1,price_band_shift
S05076,0,none
S05077,0,none
S05078,0,none
S05079,0,none
S05080,0,none
S05081,0,none
S05082,1,popularity_fallback
S05083,0,none
S05084,1,stale_index
S05086,0,none
S05087,0,none
S05088,1,price_band_shift
S05089,0,none
S05090,0,none
S05091,1,price_band_shift
S05092,1,stale_index
S05093,1,stale_index
S05094,0,none
S05096,0,none
S05097,1,popularity_fallback
S05098,0,none
S05099,0,none
S05101,1,popularity_fallback
S05102,0,none
S05103,0,none
S05105,0,none
S05106,0,none
S05107,1,popularity_fallback
S05108,1,popularity_fallback
S05109,1,stale_index
S05110,1,price_band_shift
S05111,1,price_band_shift
S05112,0,none
S05113,1,stale_index
S05114,0,none
S05115,0,none
S05116,0,none
S05117,0,none
S05118,0,none
S05120,0,none
S05121,1,popularity_fallback
S05122,1,popularity_fallback
S05123,0,none
S05124,0,none
S05125,0,none
S05126,0,none
S05127,0,none
S05128,1,price_band_shift
S05129,0,none
S05130,0,none
S05131,0,none
S05132,0,none
S05133,0,none
S05134,0,none
S05135,0,none
S05137,0,none
S05139,1,popularity_fallback
S05141,0,none
S05142,0,none
S05143,0,none
S05144,0,none
S05146,0,none
S05147,0,none
S05149,0,none
S05150,1,stale_index
S05151,1,price_band_shift
S05152,1,stale_index
S05153,0,none
S05154,1,popularity_fallback
S05155,0,none
S05156,0,none
S05157,1,popularity_fallback
S05158,1,stale_index
S05160,0,none
S05161,0,none
S05162,0,none
S05163,0,none
S05165,0,none
S05166,0,none
S05167,0,none
S05168,0,none
S05169,0,none
S05170,0,none
S05171,0,none
S05172,1,stale_index
S05173,1,popularity_fallback
S05174,0,none
S05175,0,none
S05176,1,popularity_fallback
S05177,0,none
S05178,1,price_band_shift
S05179,0,none
S05180,0,none
S05181,0,none
S05182,0,none
S05183,1,popularity_fallback
S05184,0,none
S05185,0,none
S05186,1,popularity_fallback
S05187,1,price_band_shift
S05188,0,none
S05189,0,none
S05190,1,popularity_fallback
S05191,1,price_band_shift
S05192,0,none
S05194,0,none
S05195,0,none
S05196,1,stale_index
S05197,1,price_band_shift
S05198,0,none
S05199,0,none
S05200,0,none
S05201,0,none
S05202,0,none
S05203,0,none
S05204,0,none
S05205,0,none
S05206,1,stale_index
S05207,0,none
S05209,0,none
S05210,1,stale_index
S05211,1,stale_index
S05212,1,stale_index
S05213,0,none
S05214,0,none
S05215,1,popularity_fallback
S05216,1,price_band_shift
S05217,0,none
S05218,0,none
S05219,0,none
S05220,0,none
S05221,0,none
S05222,1,popularity_fallback
S05223,0,none
S05224,0,none
S05225,0,none
S05226,0,none
S05227,1,stale_index
S05228,0,none
S05229,1,popularity_fallback
S05230,1,popularity_fallback
S05231,0,none
S05232,0,none
S05234,0,none
S05235,0,none
S05236,0,none
S05237,0,none
S05239,0,none
S05240,0,none
S05241,1,popularity_fallback
S05242,0,none
S05243,0,none
S05244,1,price_band_shift
S05245,0,none
S05246,0,none
S05247,1,stale_index
S05248,0,none
S05249,0,none
S05250,0,none
S05252,1,stale_index
S05254,0,none
S05255,0,none
S05256,1,popularity_fallback
S05257,0,none
S05259,1,stale_index
S05260,1,price_band_shift
S05261,0,none
S05262,0,none
S05263,1,price_band_shift
S05264,1,popularity_fallback
S05265,0,none
S05266,0,none
S05267,0,none
S05268,0,none
S05269,0,none
S05270,0,none
S05271,0,none
S05274,0,none
S05275,1,stale_index
S05276,1,popularity_fallback
S05277,1,popularity_fallback
S05278,0,none
S05279,0,none
S05280,0,none
S05281,0,none
S05282,0,none
S05283,0,none
S05284,0,none
S05285,0,none
S05286,0,none
S05287,0,none
S05288,1,popularity_fallback
S05289,0,none
S05290,0,none
S05291,0,none
S05293,0,none
S05294,0,none
S05295,0,none
S05296,0,none
S05297,0,none
S05298,0,none
S05300,0,none
S05301,1,popularity_fallback
S05302,0,none
S05303,0,none
S05304,0,none
S05305,0,none
S05306,0,none
S05307,0,none
S05308,0,none
S05309,1,popularity_fallback
S05310,0,none
S05311,0,none
S05312,0,none
S05313,1,price_band_shift
S05314,1,stale_index
S05315,1,stale_index
S05316,1,popularity_fallback
S05318,0,none
S05319,1,popularity_fallback
S05320,1,stale_index
S05321,0,none
S05322,0,none
S05323,0,none
S05324,0,none
S05325,1,stale_index
S05326,0,none
S05328,0,none
S05329,0,none
S05330,0,none
S05331,0,none
S05332,0,none
S05333,1,price_band_shift
S05334,0,none
S05335,1,price_band_shift
S05338,0,none
S05339,1,price_band_shift
S05341,0,none
S05342,1,stale_index
S05344,1,stale_index
S05345,1,popularity_fallback
S05346,0,none
S05347,0,none
S05348,0,none
S05349,0,none
S05350,0,none
S05351,1,popularity_fallback
S05352,0,none
S05353,0,none
S05354,0,none
S05355,1,popularity_fallback
S05356,0,none
S05357,0,none
S05358,0,none
S05359,0,none
S05360,1,stale_index
S05361,1,popularity_fallback
S05363,0,none
S05364,0,none
S05365,0,none
S05367,0,none
S05368,0,none
S05369,0,none
S05370,0,none
S05371,1,price_band_shift
S05373,0,none
S05374,0,none
S05375,1,price_band_shift
S05377,1,stale_index
S05378,1,price_band_shift
S05379,1,price_band_shift
S05380,1,stale_index
S05381,0,none
S05382,0,none
S05383,0,none
S05384,1,popularity_fallback
S05385,1,price_band_shift
S05386,1,price_band_shift
S05387,1,price_band_shift
S05388,1,popularity_fallback
S05389,0,none
S05390,0,none
S05391,0,none
S05392,0,none
S05394,1,popularity_fallback
S05395,1,stale_index
S05396,0,none
S05397,1,stale_index
S05398,1,popularity_fallback
S05399,1,popularity_fallback
S05400,1,price_band_shift
S05402,0,none
S05403,1,popularity_fallback
S05406,1,stale_index
S05407,0,none
S05408,0,none
S05409,1,price_band_shift
S05410,0,none
S05411,0,none
S05412,1,popularity_fallback
S05413,0,none
S05414,0,none
S05415,1,popularity_fallback
S05416,1,price_band_shift
S05417,0,none
S05418,0,none
S05420,1,stale_index
S05421,1,stale_index
S05422,1,stale_index
S05423,0,none
S05424,0,none
S05425,0,none
S05426,0,none
S05427,1,stale_index
S05428,1,price_band_shift
S05430,0,none
S05431,1,stale_index
S05432,1,stale_index
S05435,0,none
S05436,0,none
S05437,0,none
S05438,0,none
S05439,0,none
S05440,0,none
S05441,0,none
S05442,1,stale_index
S05443,0,none
S05444,0,none
S05446,1,stale_index
S05447,0,none
S05448,0,none
S05449,0,none
S05451,1,stale_index
S05452,0,none
S05453,1,popularity_fallback
S05454,0,none
S05455,0,none
S05457,0,none
S05458,0,none
S05459,0,none
S05460,0,none
S05461,0,none
S05462,0,none
S05464,0,none
S05465,0,none
S05466,1,price_band_shift
S05467,1,stale_index
S05468,1,popularity_fallback
S05469,0,none
S05470,0,none
S05471,0,none
S05472,0,none
S05473,0,none
S05474,1,stale_index
S05475,1,popularity_fallback
S05476,0,none
S05477,0,none
S05478,1,popularity_fallback
S05480,0,none
S05481,0,none
S05483,1,stale_index
S05484,0,none
S05485,0,none
S05486,0,none
S05487,1,price_band_shift
S05488,0,none
S05490,1,price_band_shift
S05491,1,stale_index
S05492,1,price_band_shift
S05493,1,price_band_shift
S05494,0,none
S05495,1,stale_index
S05496,0,none
S05498,1,price_band_shift
S05499,1,popularity_fallback
S05500,1,popularity_fallback
S05501,0,none
S05502,0,none
S05503,1,stale_index
S05504,0,none
S05505,1,price_band_shift
S05506,0,none
S05507,0,none
S05508,1,price_band_shift
S05509,0,none
S05510,0,none
S05511,0,none
S05512,0,none
S05513,1,stale_index
S05514,0,none
S05515,1,stale_index
S05516,0,none
S05517,0,none
S05520,0,none
S05521,1,stale_index
S05522,0,none
S05523,0,none
S05524,1,price_band_shift
S05525,0,none
S05526,0,none
S05527,1,price_band_shift
S05528,0,none
S05529,0,none
S05531,1,stale_index
S05532,0,none
S05533,0,none
S05534,0,none
S05535,1,stale_index
S05536,0,none
S05537,0,none
S05538,0,none
S05539,0,none
S05540,0,none
S05541,0,none
S05542,0,none
S05543,0,none
S05544,1,stale_index
S05545,1,price_band_shift
S05546,0,none
S05547,1,price_band_shift
S05548,0,none
S05549,1,price_band_shift
S05550,0,none
S05551,0,none
S05552,1,stale_index
S05553,0,none
S05554,1,stale_index
S05555,1,stale_index
S05556,0,none
S05558,0,none
S05559,1,popularity_fallback
S05562,1,price_band_shift
S05564,1,price_band_shift
S05566,1,stale_index
S05567,0,none
S05568,0,none
S05569,0,none
S05570,1,popularity_fallback
S05571,1,stale_index
S05572,1,stale_index
S05573,1,price_band_shift
S05574,1,stale_index
S05575,0,none
S05576,0,none
S05577,0,none
S05578,0,none
S05579,0,none
S05580,1,stale_index
S05581,0,none
S05582,0,none
S05583,1,stale_index
S05584,0,none
S05585,0,none
S05586,0,none
S05587,1,popularity_fallback
S05588,1,price_band_shift
S05589,0,none
S05590,0,none
S05591,0,none
S05593,0,none
S05595,0,none
S05596,1,popularity_fallback
S05597,1,stale_index
S05598,1,price_band_shift
S05599,0,none
S05600,0,none
S05602,1,popularity_fallback
S05603,1,popularity_fallback
S05604,0,none
S05605,1,price_band_shift
S05606,1,popularity_fallback
S05607,1,popularity_fallback
S05608,1,popularity_fallback
S05609,0,none
S05610,0,none
S05611,0,none
S05612,0,none
S05613,0,none
S05614,0,none
S05615,0,none
S05616,1,stale_index
S05617,0,none
S05619,0,none
S05620,0,none
S05621,0,none
S05622,0,none
S05625,1,stale_index
S05626,1,price_band_shift
S05627,1,stale_index
S05628,0,none
S05629,0,none
S05630,0,none
S05631,0,none
S05632,0,none
S05633,1,popularity_fallback
S05634,1,stale_index
S05635,1,stale_index
S05636,0,none
S05637,1,stale_index
S05638,0,none
S05640,0,none
S05641,0,none
S05642,1,stale_index
S05643,0,none
S05644,0,none
S05646,1,price_band_shift
S05647,0,none
S05648,0,none
S05649,0,none
S05650,0,none
S05651,1,price_band_shift
S05653,1,price_band_shift
S05656,1,price_band_shift
S05657,0,none
S05658,0,none
S05659,1,popularity_fallback
S05660,0,none
S05661,1,price_band_shift
S05662,1,price_band_shift
S05663,0,none
S05664,0,none
S05665,0,none
S05667,0,none
S05668,0,none
S05670,1,stale_index
S05671,1,stale_index
S05672,0,none
S05673,0,none
S05674,0,none
S05675,1,stale_index
S05676,1,stale_index
S05677,0,none
S05678,1,stale_index
S05679,0,none
S05680,1,popularity_fallback
S05681,0,none
S05683,1,stale_index
S05684,1,price_band_shift
S05685,1,popularity_fallback
S05686,1,popularity_fallback
S05687,0,none
S05689,0,none
S05690,0,none
S05691,0,none
S05692,0,none
S05694,0,none
S05696,1,popularity_fallback
S05697,0,none
S05700,0,none
S05701,0,none
S05702,0,none
S05703,0,none
S05704,1,price_band_shift
S05705,0,none
S05706,0,none
S05707,1,popularity_fallback
S05708,0,none
S05709,0,none
S05710,1,price_band_shift
S05711,1,price_band_shift
S05712,1,price_band_shift
S05713,0,none
S05714,1,popularity_fallback
S05715,0,none
S05716,0,none
S05717,1,stale_index
S05718,0,none
S05719,0,none
S05720,0,none
S05721,0,none
S05722,0,none
S05724,1,price_band_shift
S05725,0,none
S05726,0,none
S05727,1,popularity_fallback
S05728,0,none
S05731,0,none
S05734,0,none
S05735,1,popularity_fallback
S05736,0,none
S05737,0,none
S05738,0,none
S05739,1,stale_index
S05741,1,popularity_fallback
S05742,0,none
S05743,0,none
S05744,1,price_band_shift
S05745,0,none
S05746,0,none
S05747,0,none
S05749,1,popularity_fallback
S05750,0,none
S05751,0,none
S05752,1,popularity_fallback
S05753,0,none
S05754,0,none
S05755,1,stale_index
S05756,0,none
S05757,1,stale_index
S05758,1,popularity_fallback
S05759,1,stale_index
S05760,0,none
S05762,0,none
S05763,1,stale_index
S05764,0,none
S05765,0,none
S05766,0,none
S05767,0,none
S05768,0,none
S05769,0,none
S05771,0,none
S05772,0,none
S05773,0,none
S05774,0,none
S05775,1,price_band_shift
S05776,0,none
S05777,0,none
S05778,0,none
S05779,0,none
S05780,1,price_band_shift
S05781,0,none
S05782,0,none
S05783,0,none
S05784,1,price_band_shift
S05785,1,stale_index
S05786,1,stale_index
S05787,1,stale_index
S05788,0,none
S05789,0,none
S05790,1,popularity_fallback
S05791,0,none
S05792,0,none
S05793,0,none
S05794,1,stale_index
S05795,0,none
S05797,1,stale_index
S05799,0,none
S05800,0,none
S05802,0,none
S05803,0,none
S05804,0,none
S05805,0,none
S05806,0,none
S05807,0,none
S05808,0,none
S05809,1,stale_index
S05810,0,none
S05811,0,none
S05812,0,none
S05813,1,price_band_shift
S05814,0,none
S05815,0,none
S05816,1,price_band_shift
S05817,1,stale_index
S05818,0,none
S05819,0,none
S05820,1,stale_index
S05821,0,none
S05822,0,none
S05823,0,none
S05824,0,none
S05825,0,none
S05826,0,none
S05827,1,stale_index
S05828,1,stale_index
S05829,0,none
S05830,0,none
S05831,0,none
S05832,0,none
S05833,1,price_band_shift
S05834,0,none
S05835,0,none
S05836,1,popularity_fallback
S05837,0,none
S05839,0,none
S05840,1,popularity_fallback
S05841,1,stale_index
S05842,0,none
S05843,0,none
S05845,1,popularity_fallback
S05846,0,none
S05847,0,none
S05848,0,none
S05849,1,popularity_fallback
S05850,1,price_band_shift
S05851,0,none
S05852,0,none
S05853,0,none
S05854,1,price_band_shift
S05855,0,none
S05858,0,none
S05859,0,none
S05860,0,none
S05861,1,popularity_fallback
S05862,1,popularity_fallback
S05863,0,none
S05864,0,none
S05865,1,price_band_shift
S05866,0,none
S05867,1,stale_index
S05868,0,none
S05869,1,popularity_fallback
S05870,0,none
S05872,0,none
S05873,0,none
S05874,1,price_band_shift
S05875,0,none
S05876,1,price_band_shift
S05878,0,none
S05879,1,stale_index
S05880,1,price_band_shift
S05881,1,price_band_shift
S05882,1,stale_index
S05883,1,stale_index
S05884,1,stale_index
S05885,1,popularity_fallback
S05886,0,none
S05888,0,none
S05889,0,none
S05890,0,none
S05892,0,none
S05893,1,price_band_shift
S05894,0,none
S05895,1,price_band_shift
S05896,0,none
S05897,1,popularity_fallback
S05898,0,none
S05899,0,none
S05900,0,none
S05901,1,popularity_fallback
S05902,1,stale_index
S05903,0,none
S05904,0,none
S05905,0,none
S05906,0,none
S05907,0,none
S05908,1,stale_index
S05909,1,popularity_fallback
S05910,0,none
S05911,0,none
S05912,1,stale_index
S05913,0,none
S05914,0,none
S05915,0,none
S05916,0,none
S05918,0,none
S05920,0,none
S05921,1,popularity_fallback
S05922,0,none
S05923,0,none
S05924,0,none
S05925,0,none
S05926,1,stale_index
S05927,0,none
S05928,1,stale_index
S05929,0,none
S05930,0,none
S05931,0,none
S05932,0,none
S05933,0,none
S05934,0,none
S05935,0,none
S05937,0,none
S05939,0,none
S05940,1,price_band_shift
S05941,1,price_band_shift
S05943,0,none
S05944,0,none
S05945,0,none
S05946,0,none
S05947,0,none
S05948,0,none
S05949,1,popularity_fallback
S05950,0,none
S05951,1,stale_index
S05952,0,none
S05953,1,popularity_fallback
S05954,0,none
S05956,1,popularity_fallback
S05957,0,none
S05958,0,none
S05959,1,stale_index
S05960,0,none
S05961,1,price_band_shift
S05962,0,none
S05963,0,none
S05966,1,popularity_fallback
S05967,0,none
S05968,0,none
S05969,1,stale_index
S05970,0,none
S05971,1,price_band_shift
S05972,0,none
S05974,1,popularity_fallback
S05975,0,none
S05976,0,none
S05978,0,none
S05979,1,stale_index
S05980,0,none
S05981,0,none
S05982,1,price_band_shift
S05983,0,none
S05984,0,none
S05986,0,none
S05988,0,none
S05990,0,none
S05991,1,price_band_shift
S05992,0,none
S05993,1,stale_index
S05994,0,none
S05995,0,none
S05996,0,none
S05997,0,none
S05998,0,none
S05999,0,none
S06000,1,popularity_fallback
S06001,0,none
