item_id,category,brand,unit_price,launch_date
I0001,produce,Jovka,2.43,2024-11-04
I0002,produce,Margo,3.34,2024-08-26
I0003,produce,Kelwa,1.56,2024-09-09
I0004,produce,Kelwa,2.21,2024-10-14
I0005,produce,Zanwa,1.33,2024-10-14
I0006,produce,Solze,3.71,2024-11-04
I0007,produce,Kelwa,1.36,2025-03-24
I0008,produce,Solze,1.58,2024-11-18
I0009,produce,Solze,1.75,2024-12-02
I0010,produce,Zanpo,2.06,2024-11-25
I0011,produce,Margo,1.74,2025-03-24
I0012,produce,Jovka,1.47,2024-10-28
I0013,produce,Margo,1.18,2025-01-13
I0014,produce,Zanpo,4.78,2024-11-11
I0015,produce,Jovka,1.52,2024-12-02
I0016,produce,Zanpo,1.87,2024-12-09
I0017,produce,Zanwa,2.2,2025-02-10
I0018,produce,Zanpo,1.63,2024-12-02
I0019,produce,Margo,2.12,2024-10-21
I0020,produce,Solze,3.33,2024-08-26
I0021,produce,Zanwa,2.48,2024-11-18
I0022,produce,Kelwa,4.04,2024-12-23
I0023,produce,Norna,2.15,2025-02-10
I0024,produce,Solze,3.72,2024-11-11
I0025,produce,Zanwa,1.43,2024-12-02
I0026,produce,Yormo,1.73,2024-10-07
I0027,produce,Zanwa,3.08,2024-12-16
I0028,produce,Zanpo,2.76,2024-09-02
I0029,produce,Kelwa,2.37,2024-11-04
I0030,produce,Solze,1.73,2024-09-23
I0031,produce,Zanpo,1.46,2025-03-10
I0032,produce,Zanpo,2.96,2024-10-07
I0033,produce,Norna,1.87,2025-01-06
I0034,produce,Zanwa,1.42,2024-10-07
I0035,produce,Jovka,3.57,2024-08-26
I0036,produce,Kelwa,1.36,2024-10-28
I0037,produce,Solze,3.11,2024-12-23
I0038,produce,Solze,1.56,2025-01-13
I0039,produce,Zanpo,2.82,2024-12-23
I0040,produce,Kelwa,0.97,2024-11-18
I0041,produce,Jovka,2.73,2024-11-11
I0042,produce,Zanpo,1.92,2024-11-04
I0043,produce,Jovka,4.01,2024-09-02
I0044,produce,Zanwa,2.06,2024-09-09
I0045,produce,Jovka,3.03,2025-03-24
I0046,produce,Solze,3.26,2024-12-23
I0047,produce,Norna,1.14,2024-12-09
I0048,produce,Jovka,2.01,2024-09-30
I0049,produce,Solze,3.0,2024-09-02
I0050,produce,Zanwa,2.12,2024-12-02
I0051,produce,Jovka,2.41,2024-08-26
I0052,produce,Jovka,2.71,2024-12-30
I0053,produce,Yormo,1.87,2025-03-10
I0054,produce,Yormo,2.8,2025-03-17
I0055,produce,Yormo,1.97,2024-09-30
I0056,produce,Yormo,1.87,2024-11-25
I0057,produce,Zanpo,2.41,2024-12-16
I0058,produce,Solze,2.57,2024-11-18
I0059,produce,Yormo,1.19,2025-02-24
I0060,produce,Zanwa,1.36,2025-02-24
I0061,produce,Kelwa,1.5,2024-10-28
I0062,produce,Zanwa,2.97,2025-03-17
I0063,produce,Kelwa,3.15,2024-10-07
I0064,produce,Norna,1.5,2025-02-17
I0065,produce,Solze,3.03,2025-03-17
I0066,produce,Jovka,1.35,2024-10-21
I0067,produce,Norna,2.55,2024-09-09
I0068,produce,Jovka,2.45,2024-12-02
I0069,produce,Zanpo,1.91,2025-03-24
I0070,produce,Kelwa,2.75,2024-12-09
I0071,produce,Yormo,1.49,2024-08-19
I0072,produce,Jovka,2.12,2025-01-13
I0073,produce,Yormo,2.46,2024-08-26
I0074,produce,Zanpo,2.3,2024-09-30
I0075,produce,Norna,1.97,2024-08-19
I0076,produce,Jovka,1.38,2024-11-25
I0077,produce,Solze,1.76,2024-12-23
I0078,produce,Yormo,3.53,2024-11-25
I0079,produce,Zanwa,3.52,2024-10-14
I0080,produce,Margo,2.68,2025-01-06
I0081,produce,Zanpo,2.61,2024-10-07
I0082,produce,Margo,1.8,2024-11-25
I0083,produce,Solze,3.36,2025-01-13
I0084,produce,Yormo,4.23,2025-01-20
I0085,produce,Solze,1.26,2024-12-30
I0086,produce,Kelwa,1.78,2025-01-06
I0087,produce,Jovka,1.45,2024-09-23
I0088,produce,Kelwa,2.49,2024-11-25
I0089,produce,Norna,2.89,2025-01-06
I0090,produce,Jovka,2.24,2024-12-23
I0091,produce,Margo,2.08,2025-02-24
I0092,produce,Solze,1.82,2024-09-16
I0093,produce,Zanwa,2.28,2025-02-03
I0094,produce,Jovka,1.17,2025-03-24
I0095,produce,Norna,2.35,2024-09-02
I0096,produce,Zanpo,2.71,2024-09-09
I0097,produce,Zanpo,2.43,2024-11-18
I0098,produce,Norna,3.11,2024-10-21
I0099,produce,Solze,2.72,2024-09-16
I0100,produce,Zanwa,2.58,2024-08-26
I0101,dairy-eggs,Danfi,2.66,2024-10-28
I0102,dairy-eggs,Wesfi,1.85,2025-01-06
I0103,dairy-eggs,Wesfi,3.47,2025-03-17
I0104,dairy-eggs,Marba,2.96,2024-08-19
I0105,dairy-eggs,Marba,1.9,2024-11-04
I0106,dairy-eggs,Marba,4.0,2024-12-09
I0107,dairy-eggs,Wesfi,2.42,2024-10-14
I0108,dairy-eggs,Ursa,5.98,2024-12-16
I0109,dairy-eggs,Danfi,2.08,2024-10-14
I0110,dairy-eggs,Elba,3.95,2024-11-18
I0111,dairy-eggs,Danfi,2.38,2024-12-23
I0112,dairy-eggs,Ursa,6.18,2024-09-02
I0113,dairy-eggs,Wesfi,6.0,2024-10-28
I0114,dairy-eggs,Danfi,3.39,2024-09-16
I0115,dairy-eggs,Elba,3.0,2024-10-28
I0116,dairy-eggs,Marba,2.18,2024-11-04
I0117,dairy-eggs,Wesfi,3.48,2024-11-11
I0118,dairy-eggs,Lumvo,3.45,2025-01-27
I0119,dairy-eggs,Danfi,3.2,2025-01-13
I0120,dairy-eggs,Marba,3.34,2024-12-09
I0121,dairy-eggs,Yorti,4.03,2025-03-17
I0122,dairy-eggs,Pelgo,4.05,2024-10-14
I0123,dairy-eggs,Ursa,2.54,2024-10-14
I0124,dairy-eggs,Pelgo,4.74,2025-02-10
I0125,dairy-eggs,Wesfi,2.03,2024-11-11
I0126,dairy-eggs,Wesfi,6.75,2025-01-13
I0127,dairy-eggs,Wesfi,3.55,2024-11-11
I0128,dairy-eggs,Pelgo,2.7,2025-01-06
I0129,dairy-eggs,Wesfi,3.09,2024-11-25
I0130,dairy-eggs,Elba,1.98,2024-11-11
I0131,dairy-eggs,Elba,5.15,2024-12-02
I0132,dairy-eggs,Elba,4.12,2024-09-09
I0133,dairy-eggs,Pelgo,2.07,2024-08-19
I0134,dairy-eggs,Yorti,3.26,2024-11-25
I0135,dairy-eggs,Wesfi,2.05,2024-09-30
I0136,dairy-eggs,Wesfi,5.15,2024-12-23
I0137,dairy-eggs,Marba,2.09,2024-08-26
I0138,dairy-eggs,Pelgo,4.5,2024-11-04
I0139,dairy-eggs,Wesfi,4.03,2024-09-23
I0140,dairy-eggs,Marba,3.08,2024-12-30
I0141,dairy-eggs,Ursa,3.1,2025-03-03
I0142,dairy-eggs,Elba,3.06,2025-02-10
I0143,dairy-eggs,Marba,2.94,2024-08-26
I0144,dairy-eggs,Danfi,1.93,2024-12-16
I0145,dairy-eggs,Pelgo,3.34,2025-03-24
I0146,dairy-eggs,Pelgo,2.59,2024-08-26
I0147,dairy-eggs,Marba,4.65,2024-12-30
I0148,dairy-eggs,Lumvo,2.59,2025-03-17
I0149,dairy-eggs,Lumvo,2.18,2025-01-27
I0150,dairy-eggs,Danfi,3.37,2025-03-24
I0151,dairy-eggs,Pelgo,3.42,2025-01-20
I0152,dairy-eggs,Pelgo,2.75,2024-11-11
I0153,dairy-eggs,Pelgo,3.63,2024-10-28
I0154,dairy-eggs,Yorti,2.58,2024-09-16
I0155,dairy-eggs,Wesfi,5.04,2024-09-02
I0156,dairy-eggs,Wesfi,2.73,2024-11-25
I0157,dairy-eggs,Ursa,2.99,2024-09-09
I0158,dairy-eggs,Elba,2.21,2024-11-25
I0159,dairy-eggs,Yorti,3.62,2024-09-16
I0160,dairy-eggs,Lumvo,2.43,2024-09-02
I0161,dairy-eggs,Elba,7.03,2024-10-07
I0162,dairy-eggs,Wesfi,4.82,2024-09-02
I0163,dairy-eggs,Yorti,3.05,2024-10-28
I0164,dairy-eggs,Danfi,1.64,2024-10-21
I0165,dairy-eggs,Marba,3.38,2024-08-26
I0166,dairy-eggs,Wesfi,2.27,2025-01-13
I0167,dairy-eggs,Lumvo,2.43,2025-01-13
I0168,dairy-eggs,Elba,1.91,2024-12-23
I0169,dairy-eggs,Elba,3.78,2024-12-02
I0170,dairy-eggs,Danfi,5.18,2024-10-14
I0171,dairy-eggs,Danfi,4.88,2025-01-27
I0172,dairy-eggs,Yorti,2.16,2024-10-07
I0173,dairy-eggs,Wesfi,2.04,2024-11-11
I0174,dairy-eggs,Ursa,2.67,2024-12-23
I0175,dairy-eggs,Pelgo,3.72,2024-11-18
I0176,dairy-eggs,Marba,3.98,2025-03-10
I0177,dairy-eggs,Pelgo,3.09,2024-08-26
I0178,dairy-eggs,Yorti,4.67,2024-12-23
I0179,dairy-eggs,Lumvo,2.81,2024-11-25
I0180,dairy-eggs,Yorti,2.68,2024-10-14
I0181,dairy-eggs,Danfi,4.08,2025-01-20
I0182,dairy-eggs,Danfi,3.98,2024-12-30
I0183,dairy-eggs,Ursa,3.06,2025-01-06
I0184,dairy-eggs,Marba,3.62,2025-01-06
I0185,dairy-eggs,Danfi,1.77,2024-11-04
I0186,dairy-eggs,Lumvo,2.08,2024-10-07
I0187,dairy-eggs,Wesfi,3.83,2024-10-21
I0188,dairy-eggs,Pelgo,4.85,2024-10-14
I0189,dairy-eggs,Danfi,1.7,2024-09-23
I0190,dairy-eggs,Lumvo,1.94,2024-08-19
I0191,dairy-eggs,Lumvo,2.61,2024-09-16
I0192,dairy-eggs,Pelgo,4.26,2024-09-09
I0193,dairy-eggs,Wesfi,3.35,2024-12-30
I0194,dairy-eggs,Pelgo,5.55,2024-11-25
I0195,dairy-eggs,Marba,2.5,2024-11-25
I0196,dairy-eggs,Lumvo,1.52,2024-09-09
I0197,dairy-eggs,Danfi,2.09,2025-02-10
I0198,dairy-eggs,Marba,2.13,2025-02-24
I0199,dairy-eggs,Pelgo,3.88,2024-12-30
I0200,dairy-eggs,Pelgo,3.33,2024-11-04
I0201,bakery,Elfi,2.89,2024-11-25
I0202,bakery,Tamvo,5.26,2024-11-18
I0203,bakery,Belka,4.98,2024-09-16
I0204,bakery,Kelba,3.2,2025-02-24
I0205,bakery,Belka,5.59,2025-01-06
I0206,bakery,Lumda,2.53,2024-08-19
I0207,bakery,Tamti,4.46,2024-11-11
I0208,bakery,Belpo,6.7,2025-02-03
I0209,bakery,Lumda,3.44,2024-12-02
I0210,bakery,Algo,3.84,2024-12-16
I0211,bakery,Tamvo,6.48,2024-09-09
I0212,bakery,Kelba,4.19,2024-12-23
I0213,bakery,Algo,6.87,2024-12-16
I0214,bakery,Lumda,4.93,2024-12-30
I0215,bakery,Belpo,1.5,2025-02-17
I0216,bakery,Algo,4.0,2025-03-24
I0217,bakery,Algo,4.62,2025-01-06
I0218,bakery,Kelba,2.57,2024-09-09
I0219,bakery,Belka,4.82,2024-09-09
I0220,bakery,Tamvo,4.34,2025-03-17
I0221,bakery,Tamti,3.42,2025-02-10
I0222,bakery,Belpo,5.52,2024-10-21
I0223,bakery,Lumda,3.53,2024-12-23
I0224,bakery,Tamvo,5.08,2024-12-16
I0225,bakery,Algo,2.94,2025-01-20
I0226,bakery,Elfi,3.49,2024-11-11
I0227,bakery,Elfi,3.36,2024-12-30
I0228,bakery,Elfi,4.39,2024-08-26
I0229,bakery,Lumda,3.82,2024-10-07
I0230,bakery,Kelba,4.46,2024-12-23
I0231,bakery,Belka,3.62,2025-03-24
I0232,bakery,Belpo,3.67,2025-03-17
I0233,bakery,Tamvo,4.85,2024-12-16
I0234,bakery,Algo,4.4,2024-11-18
I0235,bakery,Belka,3.62,2024-08-19
I0236,bakery,Tamvo,4.23,2025-01-06
I0237,bakery,Algo,4.26,2024-09-23
I0238,bakery,Kelba,3.27,2024-11-04
I0239,bakery,Belpo,1.91,2024-08-19
I0240,bakery,Belka,3.74,2025-03-17
I0241,bakery,Belpo,3.02,2024-11-25
I0242,bakery,Tamti,3.32,2025-01-06
I0243,bakery,Belka,4.52,2025-01-27
I0244,bakery,Belka,4.99,2024-08-26
I0245,bakery,Belpo,5.0,2024-12-23
I0246,bakery,Elfi,5.41,2024-11-18
I0247,bakery,Tamti,1.5,2024-12-16
I0248,bakery,Elfi,6.39,2024-09-02
I0249,bakery,Belka,2.54,2024-09-30
I0250,bakery,Algo,3.87,2024-09-16
I0251,bakery,Elfi,5.34,2024-10-21
I0252,bakery,Algo,3.65,2025-01-06
I0253,bakery,Lumda,6.8,2024-12-30
I0254,bakery,Algo,4.12,2024-10-28
I0255,bakery,Lumda,2.86,2024-12-16
I0256,bakery,Belpo,4.12,2024-12-02
I0257,bakery,Belka,4.64,2024-12-09
I0258,bakery,Elfi,3.34,2024-09-02
I0259,bakery,Belpo,6.24,2024-11-04
I0260,bakery,Belka,2.79,2025-03-24
I0261,bakery,Belka,3.54,2024-10-07
I0262,bakery,Lumda,5.31,2024-10-28
I0263,bakery,Tamvo,2.24,2024-09-30
I0264,bakery,Belpo,3.99,2025-03-10
I0265,bakery,Belka,4.31,2025-01-20
I0266,bakery,Algo,6.53,2024-08-19
I0267,bakery,Tamvo,3.12,2025-01-20
I0268,bakery,Tamti,3.71,2024-10-14
I0269,bakery,Tamvo,1.63,2024-12-02
I0270,bakery,Algo,3.1,2025-03-10
I0271,bakery,Tamvo,4.05,2024-12-02
I0272,bakery,Tamvo,3.9,2025-01-06
I0273,bakery,Tamti,7.19,2024-12-23
I0274,bakery,Tamvo,2.43,2024-09-02
I0275,bakery,Belpo,3.61,2024-12-02
I0276,bakery,Kelba,4.44,2024-11-11
I0277,bakery,Algo,5.63,2024-10-14
I0278,bakery,Algo,3.7,2024-12-23
I0279,bakery,Kelba,3.8,2025-01-20
I0280,bakery,Belka,4.86,2024-10-21
I0281,bakery,Belpo,2.77,2024-09-09
I0282,bakery,Tamti,3.63,2024-12-09
I0283,bakery,Belpo,4.22,2024-09-23
I0284,bakery,Tamvo,2.95,2024-10-21
I0285,bakery,Tamti,3.02,2024-11-18
I0286,bakery,Algo,3.84,2024-12-02
I0287,bakery,Belpo,3.81,2024-09-16
I0288,bakery,Belpo,3.04,2024-11-11
I0289,bakery,Tamti,4.98,2024-10-21
I0290,bakery,Belka,2.85,2024-12-23
I0291,bakery,Lumda,2.95,2024-12-23
I0292,bakery,Belpo,2.64,2024-11-11
I0293,bakery,Kelba,2.39,2025-02-17
I0294,bakery,Belpo,2.65,2024-12-23
I0295,bakery,Algo,3.53,2024-10-07
I0296,bakery,Algo,5.37,2025-01-06
I0297,bakery,Tamti,3.07,2024-08-19
I0298,bakery,Belpo,4.68,2024-08-19
I0299,bakery,Tamti,3.9,2025-03-24
I0300,bakery,Lumda,3.71,2024-12-09
I0301,meat-seafood,Lumfi,13.24,2024-11-04
I0302,meat-seafood,Fenfi,9.94,2024-11-04
I0303,meat-seafood,Lumfi,10.78,2024-09-02
I0304,meat-seafood,Belba,14.16,2024-11-04
I0305,meat-seafood,Fenba,12.23,2024-09-02
I0306,meat-seafood,Quinsa,9.4,2024-11-18
I0307,meat-seafood,Halli,15.86,2024-12-09
I0308,meat-seafood,Fenfi,7.9,2024-12-16
I0309,meat-seafood,Halli,7.34,2024-09-16
I0310,meat-seafood,Quinsa,8.14,2024-11-25
I0311,meat-seafood,Lumfi,8.2,2025-01-06
I0312,meat-seafood,Halwa,9.91,2024-10-28
I0313,meat-seafood,Halwa,15.09,2025-02-24
I0314,meat-seafood,Fenba,4.08,2025-03-10
I0315,meat-seafood,Quinsa,8.28,2024-12-30
I0316,meat-seafood,Belba,9.06,2025-03-10
I0317,meat-seafood,Halwa,11.22,2025-01-20
I0318,meat-seafood,Belba,13.65,2024-11-11
I0319,meat-seafood,Wesgo,7.5,2024-09-09
I0320,meat-seafood,Quinsa,7.64,2024-11-25
I0321,meat-seafood,Lumfi,19.91,2024-12-30
I0322,meat-seafood,Halli,16.95,2024-11-25
I0323,meat-seafood,Quinsa,17.21,2024-11-04
I0324,meat-seafood,Belba,8.62,2024-10-28
I0325,meat-seafood,Halli,11.18,2024-09-23
I0326,meat-seafood,Halwa,16.03,2024-09-09
I0327,meat-seafood,Halwa,8.71,2024-12-02
I0328,meat-seafood,Quinsa,14.56,2024-12-30
I0329,meat-seafood,Belba,4.9,2024-09-02
I0330,meat-seafood,Belba,5.95,2025-01-27
I0331,meat-seafood,Quinsa,8.58,2024-11-25
I0332,meat-seafood,Halli,10.94,2024-12-09
I0333,meat-seafood,Halwa,10.64,2024-11-11
I0334,meat-seafood,Wesgo,11.81,2025-01-06
I0335,meat-seafood,Belba,13.99,2024-09-23
I0336,meat-seafood,Fenfi,9.73,2024-08-26
I0337,meat-seafood,Belba,8.67,2024-11-25
I0338,meat-seafood,Wesgo,8.61,2024-10-07
I0339,meat-seafood,Wesgo,18.39,2025-03-10
I0340,meat-seafood,Fenba,11.34,2024-09-30
I0341,meat-seafood,Wesgo,10.97,2024-11-18
I0342,meat-seafood,Halli,10.97,2024-09-02
I0343,meat-seafood,Halli,7.66,2024-12-23
I0344,meat-seafood,Lumfi,19.2,2025-03-10
I0345,meat-seafood,Fenfi,4.0,2024-11-04
I0346,meat-seafood,Fenba,15.1,2024-11-04
I0347,meat-seafood,Quinsa,11.81,2025-03-10
I0348,meat-seafood,Quinsa,10.74,2024-11-18
I0349,meat-seafood,Wesgo,10.0,2024-08-26
I0350,meat-seafood,Fenba,17.24,2024-12-02
I0351,meat-seafood,Quinsa,18.29,2024-10-28
I0352,meat-seafood,Halwa,9.8,2024-10-28
I0353,meat-seafood,Lumfi,6.87,2025-03-24
I0354,meat-seafood,Lumfi,9.76,2024-09-09
I0355,meat-seafood,Fenfi,9.21,2025-02-03
I0356,meat-seafood,Quinsa,6.48,2024-08-19
I0357,meat-seafood,Halli,7.41,2024-11-25
I0358,meat-seafood,Wesgo,10.64,2025-01-06
I0359,meat-seafood,Lumfi,9.48,2025-03-17
I0360,meat-seafood,Fenfi,13.9,2024-08-26
I0361,meat-seafood,Belba,19.2,2024-09-30
I0362,meat-seafood,Halli,9.29,2024-12-02
I0363,meat-seafood,Quinsa,4.0,2024-09-16
I0364,meat-seafood,Fenba,12.06,2025-01-06
I0365,meat-seafood,Quinsa,10.33,2024-11-18
I0366,meat-seafood,Fenfi,7.97,2024-11-25
I0367,meat-seafood,Lumfi,14.8,2024-12-23
I0368,meat-seafood,Fenba,6.97,2024-12-23
I0369,meat-seafood,Quinsa,19.83,2024-11-11
I0370,meat-seafood,Belba,10.94,2025-01-06
I0371,meat-seafood,Lumfi,9.27,2024-08-19
I0372,meat-seafood,Wesgo,6.9,2025-02-17
I0373,meat-seafood,Belba,14.94,2024-12-16
I0374,meat-seafood,Quinsa,6.57,2024-09-16
I0375,meat-seafood,Halwa,8.66,2024-11-18
I0376,meat-seafood,Halli,10.06,2024-09-30
I0377,meat-seafood,Quinsa,6.27,2024-11-18
I0378,meat-seafood,Quinsa,10.33,2024-10-07
I0379,meat-seafood,Lumfi,9.03,2024-09-23
I0380,meat-seafood,Halwa,13.39,2024-12-23
I0381,meat-seafood,Belba,7.22,2025-03-24
I0382,meat-seafood,Wesgo,8.95,2024-12-09
I0383,meat-seafood,Halwa,6.64,2024-12-23
I0384,meat-seafood,Fenfi,11.73,2025-01-06
I0385,meat-seafood,Halwa,17.19,2024-11-18
I0386,meat-seafood,Fenfi,6.57,2024-10-28
I0387,meat-seafood,Fenba,7.68,2024-10-21
I0388,meat-seafood,Halwa,8.36,2024-12-16
I0389,meat-seafood,Fenba,5.69,2025-02-10
I0390,meat-seafood,Halli,16.86,2025-01-13
I0391,meat-seafood,Belba,13.71,2024-09-02
I0392,meat-seafood,Fenba,15.32,2025-01-13
I0393,meat-seafood,Belba,9.4,2025-01-27
I0394,meat-seafood,Halli,23.01,2024-12-09
I0395,meat-seafood,Fenba,11.06,2025-01-06
I0396,meat-seafood,Lumfi,7.76,2024-09-23
I0397,meat-seafood,Lumfi,12.95,2024-08-19
I0398,meat-seafood,Lumfi,8.42,2024-11-18
I0399,meat-seafood,Fenba,8.96,2024-09-02
I0400,meat-seafood,Halli,14.72,2024-08-19
I0401,deli,Tamwa,9.9,2025-03-24
I0402,deli,Halba,6.47,2025-01-27
I0403,deli,Urwa,6.15,2024-11-25
I0404,deli,Raswa,3.02,2024-10-07
I0405,deli,Tamwa,4.87,2024-11-11
I0406,deli,Norba,6.91,2024-10-07
I0407,deli,Jovri,6.65,2024-11-25
I0408,deli,Alka,5.91,2024-09-02
I0409,deli,Pelwa,11.31,2024-08-19
I0410,deli,Pelwa,7.26,2024-09-02
I0411,deli,Tamwa,5.6,2025-02-17
I0412,deli,Halba,5.84,2024-09-23
I0413,deli,Jovri,10.08,2024-10-14
I0414,deli,Alka,5.68,2024-12-02
I0415,deli,Jovri,4.8,2025-03-24
I0416,deli,Alka,3.59,2024-10-14
I0417,deli,Jovri,7.59,2024-12-16
I0418,deli,Jovri,6.26,2024-12-16
I0419,deli,Pelwa,9.58,2024-11-04
I0420,deli,Jovri,14.0,2024-10-07
I0421,deli,Pelwa,5.18,2024-12-09
I0422,deli,Raswa,2.5,2024-08-19
I0423,deli,Alka,8.38,2024-10-14
I0424,deli,Norba,10.8,2024-09-16
I0425,deli,Halba,8.64,2024-12-16
I0426,deli,Norba,4.66,2024-12-30
I0427,deli,Urwa,3.84,2025-01-27
I0428,deli,Halba,5.17,2025-01-27
I0429,deli,Alka,3.68,2024-09-23
I0430,deli,Norba,6.01,2024-09-09
I0431,deli,Norba,3.79,2024-09-30
I0432,deli,Pelwa,3.88,2024-12-02
I0433,deli,Raswa,4.26,2024-11-18
I0434,deli,Jovri,4.39,2024-11-11
I0435,deli,Norba,3.29,2024-11-18
I0436,deli,Raswa,10.43,2024-09-09
I0437,deli,Urwa,4.79,2024-09-30
I0438,deli,Pelwa,8.61,2025-02-24
I0439,deli,Alka,3.77,2024-09-30
I0440,deli,Raswa,6.74,2024-12-09
I0441,deli,Halba,4.68,2025-01-06
I0442,deli,Jovri,4.68,2024-10-07
I0443,deli,Norba,6.71,2024-08-19
I0444,deli,Halba,4.9,2025-03-10
I0445,deli,Pelwa,4.76,2025-03-17
I0446,deli,Alka,3.92,2024-09-09
I0447,deli,Alka,5.77,2024-12-23
I0448,deli,Tamwa,9.08,2024-12-09
I0449,deli,Halba,8.96,2024-09-16
I0450,deli,Alka,5.25,2024-11-18
I0451,deli,Jovri,8.4,2024-11-11
I0452,deli,Urwa,6.55,2024-09-02
I0453,deli,Pelwa,7.8,2024-09-23
I0454,deli,Urwa,7.96,2024-11-11
I0455,deli,Pelwa,4.89,2025-02-03
I0456,deli,Alka,7.42,2025-01-06
I0457,deli,Urwa,7.23,2024-08-19
I0458,deli,Halba,7.28,2024-11-25
I0459,deli,Norba,7.15,2024-10-14
I0460,deli,Norba,11.32,2025-01-27
I0461,deli,Halba,4.63,2024-12-02
I0462,deli,Urwa,5.14,2024-10-28
I0463,deli,Urwa,5.82,2024-11-18
I0464,deli,Alka,4.39,2024-11-18
I0465,deli,Pelwa,5.0,2024-11-18
I0466,deli,Halba,7.44,2025-02-03
I0467,deli,Jovri,3.02,2024-10-07
I0468,deli,Raswa,4.8,2024-12-23
I0469,deli,Urwa,4.48,2024-12-02
I0470,deli,Pelwa,4.98,2024-12-16
I0471,deli,Jovri,5.29,2024-09-09
I0472,deli,Tamwa,13.2,2025-01-06
I0473,deli,Raswa,3.44,2024-12-09
I0474,deli,Tamwa,4.39,2024-09-30
I0475,deli,Norba,3.69,2024-10-21
I0476,deli,Halba,4.54,2024-11-11
I0477,deli,Tamwa,7.69,2025-02-17
I0478,deli,Urwa,8.47,2024-09-30
I0479,deli,Raswa,4.59,2024-11-11
I0480,deli,Raswa,5.66,2025-03-17
I0481,deli,Pelwa,3.6,2024-09-02
I0482,deli,Alka,3.49,2025-02-17
I0483,deli,Alka,7.6,2024-10-21
I0484,deli,Alka,2.73,2024-09-23
I0485,deli,Norba,6.16,2024-08-19
I0486,deli,Halba,5.87,2025-03-24
I0487,deli,Pelwa,5.72,2025-01-13
I0488,deli,Raswa,3.21,2024-12-16
I0489,deli,Alka,5.53,2024-09-09
I0490,deli,Raswa,3.89,2025-01-20
I0491,deli,Halba,5.48,2025-03-10
I0492,deli,Halba,6.9,2024-12-09
I0493,deli,Alka,5.36,2024-12-16
I0494,deli,Halba,4.2,2024-12-09
I0495,deli,Pelwa,10.23,2024-09-09
I0496,deli,Tamwa,5.85,2025-01-13
I0497,deli,Pelwa,4.28,2024-10-07
I0498,deli,Jovri,6.73,2024-12-16
I0499,deli,Pelwa,7.08,2024-09-02
I0500,deli,Pelwa,5.23,2024-10-07
I0501,frozen,Quinba,8.15,2024-12-09
I0502,frozen,Marwa,5.85,2025-03-03
I0503,frozen,Halsa,6.96,2024-10-21
I0504,frozen,Danli,5.27,2025-02-24
I0505,frozen,Marwa,7.25,2024-12-09
I0506,frozen,Danli,5.0,2024-12-16
I0507,frozen,Quinna,7.18,2025-01-06
I0508,frozen,Danli,4.48,2024-08-19
I0509,frozen,Solgo,4.68,2024-12-16
I0510,frozen,Quinba,6.45,2024-09-30
I0511,frozen,Fenka,6.5,2024-09-09
I0512,frozen,Danli,4.4,2024-12-16
I0513,frozen,Fenka,3.49,2024-08-26
I0514,frozen,Tamsa,3.31,2025-02-03
I0515,frozen,Halsa,3.61,2024-11-04
I0516,frozen,Quinna,4.37,2024-10-28
I0517,frozen,Quinna,4.45,2024-11-25
I0518,frozen,Solgo,5.22,2024-11-25
I0519,frozen,Quinba,5.03,2024-11-18
I0520,frozen,Quinba,5.28,2025-02-10
I0521,frozen,Halsa,3.52,2024-10-28
I0522,frozen,Tamsa,3.68,2025-03-17
I0523,frozen,Tamsa,4.12,2024-11-18
I0524,frozen,Solgo,4.32,2024-10-28
I0525,frozen,Danli,5.71,2025-01-13
I0526,frozen,Quinna,5.35,2024-10-21
I0527,frozen,Halsa,3.27,2024-09-30
I0528,frozen,Tamsa,4.01,2024-10-28
I0529,frozen,Marwa,3.4,2024-11-25
I0530,frozen,Solgo,4.33,2024-11-11
I0531,frozen,Marwa,4.86,2024-09-09
I0532,frozen,Fenka,4.55,2025-01-13
I0533,frozen,Solgo,5.65,2024-12-30
I0534,frozen,Halsa,4.34,2024-09-30
I0535,frozen,Quinna,8.04,2024-09-16
I0536,frozen,Quinba,5.03,2025-02-17
I0537,frozen,Tamsa,3.18,2025-03-03
I0538,frozen,Marwa,5.52,2025-02-10
I0539,frozen,Quinba,7.42,2025-01-13
I0540,frozen,Quinna,5.79,2024-10-28
I0541,frozen,Solgo,5.98,2024-08-19
I0542,frozen,Quinna,2.77,2025-03-03
I0543,frozen,Quinba,11.08,2025-03-17
I0544,frozen,Marwa,4.08,2025-03-03
I0545,frozen,Quinba,5.31,2025-03-24
I0546,frozen,Quinba,10.75,2024-11-11
I0547,frozen,Marwa,3.44,2024-12-30
I0548,frozen,Halsa,2.98,2024-11-11
I0549,frozen,Halsa,4.97,2024-10-07
I0550,frozen,Quinna,4.42,2025-01-27
I0551,frozen,Quinna,6.25,2024-08-26
I0552,frozen,Tamsa,4.83,2024-08-26
I0553,frozen,Danli,3.28,2025-02-24
I0554,frozen,Halsa,3.24,2024-12-30
I0555,frozen,Quinna,4.28,2025-02-17
I0556,frozen,Quinna,3.68,2025-01-27
I0557,frozen,Halsa,3.55,2025-02-17
I0558,frozen,Solgo,6.61,2024-09-30
I0559,frozen,Quinba,7.56,2024-08-26
I0560,frozen,Fenka,5.14,2024-09-02
I0561,frozen,Tamsa,2.09,2025-03-24
I0562,frozen,Quinna,4.46,2024-11-25
I0563,frozen,Quinba,6.03,2025-03-24
I0564,frozen,Fenka,8.86,2024-08-19
I0565,frozen,Marwa,4.03,2024-09-23
I0566,frozen,Tamsa,4.77,2024-09-23
I0567,frozen,Fenka,3.17,2024-12-09
I0568,frozen,Halsa,6.92,2024-11-11
I0569,frozen,Marwa,9.62,2025-02-17
I0570,frozen,Marwa,4.95,2025-03-10
I0571,frozen,Marwa,2.74,2025-01-27
I0572,frozen,Solgo,4.49,2024-10-07
I0573,frozen,Solgo,3.57,2024-10-07
I0574,frozen,Fenka,4.47,2024-12-23
I0575,frozen,Danli,5.92,2024-12-09
I0576,frozen,Halsa,4.37,2024-10-21
I0577,frozen,Quinba,3.41,2024-09-23
I0578,frozen,Danli,5.02,2024-10-14
I0579,frozen,Quinba,2.47,2025-03-17
I0580,frozen,Halsa,6.02,2025-02-24
I0581,frozen,Solgo,6.94,2024-11-25
I0582,frozen,Quinna,2.42,2024-09-02
I0583,frozen,Halsa,4.95,2024-09-23
I0584,frozen,Fenka,4.69,2024-09-30
I0585,frozen,Solgo,3.25,2025-03-17
I0586,frozen,Solgo,8.26,2024-08-26
I0587,frozen,Fenka,4.24,2024-12-16
I0588,frozen,Quinba,2.61,2024-09-23
I0589,frozen,Marwa,5.54,2024-08-19
I0590,frozen,Quinna,4.15,2024-09-02
I0591,frozen,Tamsa,7.87,2024-12-09
I0592,frozen,Tamsa,3.83,2024-10-28
I0593,frozen,Marwa,2.22,2024-08-26
I0594,frozen,Danli,5.22,2025-02-10
I0595,frozen,Quinba,3.55,2024-12-16
I0596,frozen,Tamsa,2.34,2024-10-07
I0597,frozen,Solgo,4.11,2024-11-18
I0598,frozen,Danli,3.89,2024-09-02
I0599,frozen,Solgo,9.08,2024-12-16
I0600,frozen,Tamsa,8.06,2024-12-30
I0601,beverages,Pelfi,2.54,2024-08-26
I0602,beverages,Alba,5.13,2024-09-09
I0603,beverages,Alba,3.43,2024-12-09
I0604,beverages,Danba,2.66,2024-12-16
I0605,beverages,Pelfi,3.21,2024-11-25
I0606,beverages,Quinri,5.7,2024-12-09
I0607,beverages,Jovwa,2.32,2024-10-14
I0608,beverages,Halze,3.07,2024-10-07
I0609,beverages,Jovwa,5.73,2024-11-11
I0610,beverages,Quinri,3.29,2025-01-06
I0611,beverages,Elti,3.14,2025-03-17
I0612,beverages,Danba,4.24,2024-09-30
I0613,beverages,Pelfi,2.25,2025-03-24
I0614,beverages,Alba,1.94,2025-03-24
I0615,beverages,Danba,3.93,2024-11-04
I0616,beverages,Halpo,2.94,2024-08-26
I0617,beverages,Elti,2.84,2024-09-02
I0618,beverages,Danba,3.9,2024-10-28
I0619,beverages,Danba,3.41,2024-10-21
I0620,beverages,Danba,4.29,2024-08-19
I0621,beverages,Jovwa,5.53,2024-12-23
I0622,beverages,Danba,2.01,2024-09-02
I0623,beverages,Halpo,2.52,2024-11-04
I0624,beverages,Halpo,3.06,2024-10-07
I0625,beverages,Jovwa,2.73,2024-12-16
I0626,beverages,Pelfi,3.2,2024-09-23
I0627,beverages,Alba,4.25,2024-10-28
I0628,beverages,Danba,3.73,2025-02-24
I0629,beverages,Elti,3.66,2024-10-28
I0630,beverages,Quinri,4.0,2025-03-17
I0631,beverages,Elti,5.11,2024-09-02
I0632,beverages,Halpo,4.49,2024-10-21
I0633,beverages,Alba,4.44,2024-12-02
I0634,beverages,Jovwa,2.1,2024-09-23
I0635,beverages,Jovwa,5.09,2024-11-25
I0636,beverages,Halze,2.22,2024-10-14
I0637,beverages,Elti,2.58,2024-10-28
I0638,beverages,Halze,2.08,2024-09-23
I0639,beverages,Pelfi,3.45,2024-11-18
I0640,beverages,Jovwa,4.26,2024-09-30
I0641,beverages,Halpo,2.17,2024-09-09
I0642,beverages,Jovwa,3.24,2024-09-16
I0643,beverages,Alba,3.57,2025-03-17
I0644,beverages,Danba,3.69,2024-11-04
I0645,beverages,Halze,1.82,2025-03-17
I0646,beverages,Danba,6.71,2024-10-07
I0647,beverages,Halpo,4.02,2024-12-09
I0648,beverages,Alba,2.69,2024-12-23
I0649,beverages,Danba,3.34,2024-12-16
I0650,beverages,Pelfi,2.96,2024-11-04
I0651,beverages,Halpo,4.32,2024-10-28
I0652,beverages,Pelfi,2.6,2024-12-02
I0653,beverages,Pelfi,2.97,2024-10-28
I0654,beverages,Danba,4.8,2025-02-10
I0655,beverages,Danba,2.34,2024-09-16
I0656,beverages,Halpo,4.46,2024-09-09
I0657,beverages,Elti,3.81,2024-10-21
I0658,beverages,Halze,3.62,2024-12-30
I0659,beverages,Halpo,1.92,2024-11-18
I0660,beverages,Halpo,2.26,2024-11-18
I0661,beverages,Danba,2.21,2024-08-26
I0662,beverages,Danba,2.37,2024-09-23
I0663,beverages,Pelfi,2.02,2024-09-16
I0664,beverages,Danba,3.01,2024-12-16
I0665,beverages,Alba,1.99,2024-12-02
I0666,beverages,Elti,2.93,2025-03-24
I0667,beverages,Elti,3.73,2025-01-20
I0668,beverages,Halpo,3.02,2024-09-16
I0669,beverages,Pelfi,4.93,2024-09-30
I0670,beverages,Pelfi,3.06,2024-09-02
I0671,beverages,Halze,1.76,2024-11-18
I0672,beverages,Alba,3.9,2024-12-23
I0673,beverages,Danba,3.48,2024-10-07
I0674,beverages,Quinri,2.51,2024-09-09
I0675,beverages,Halpo,2.37,2024-10-14
I0676,beverages,Jovwa,2.16,2024-09-09
I0677,beverages,Alba,4.79,2024-11-18
I0678,beverages,Halpo,1.69,2024-12-16
I0679,beverages,Danba,2.15,2024-11-11
I0680,beverages,Alba,6.06,2024-11-04
I0681,beverages,Halze,4.26,2024-11-11
I0682,beverages,Jovwa,2.88,2024-10-14
I0683,beverages,Jovwa,1.32,2024-08-26
I0684,beverages,Pelfi,6.48,2024-11-11
I0685,beverages,Jovwa,3.7,2024-10-21
I0686,beverages,Danba,3.0,2024-12-30
I0687,beverages,Danba,2.4,2024-11-04
I0688,beverages,Danba,3.59,2024-09-09
I0689,beverages,Halze,1.9,2024-10-21
I0690,beverages,Halze,2.23,2024-09-09
I0691,beverages,Halpo,4.55,2024-12-09
I0692,beverages,Halze,2.98,2024-12-23
I0693,beverages,Jovwa,1.95,2025-03-17
I0694,beverages,Halpo,3.58,2025-01-20
I0695,beverages,Elti,2.62,2025-02-03
I0696,beverages,Alba,2.48,2024-12-02
I0697,beverages,Halze,4.11,2024-11-18
I0698,beverages,Elti,3.75,2024-11-18
I0699,beverages,Halze,3.42,2025-02-24
I0700,beverages,Danba,4.84,2024-08-19
I0701,snacks,Elna,2.24,2024-09-30
I0702,snacks,Danka,1.5,2024-12-30
I0703,snacks,Solri,3.28,2025-03-17
I0704,snacks,Elna,4.76,2024-12-09
I0705,snacks,Solri,2.3,2025-01-06
I0706,snacks,Marna,4.01,2024-12-09
I0707,snacks,Danka,4.62,2024-11-11
I0708,snacks,Urka,3.07,2024-10-14
I0709,snacks,Solri,2.55,2024-09-02
I0710,snacks,Velsa,4.62,2024-09-23
I0711,snacks,Elna,3.57,2024-11-04
I0712,snacks,Corvo,2.7,2024-12-02
I0713,snacks,Marna,2.53,2024-10-14
I0714,snacks,Elna,3.59,2024-09-09
I0715,snacks,Solri,3.86,2024-10-07
I0716,snacks,Corvo,2.34,2024-11-11
I0717,snacks,Urka,3.8,2024-09-16
I0718,snacks,Danka,1.11,2024-09-09
I0719,snacks,Corvo,1.59,2024-12-16
I0720,snacks,Velsa,2.19,2025-02-17
I0721,snacks,Corvo,3.76,2025-03-24
I0722,snacks,Velfi,3.96,2024-09-23
I0723,snacks,Danka,1.7,2024-11-11
I0724,snacks,Corvo,2.38,2024-10-14
I0725,snacks,Elna,4.01,2024-09-02
I0726,snacks,Urka,4.61,2025-02-03
I0727,snacks,Velsa,4.03,2025-01-06
I0728,snacks,Danka,2.98,2024-09-09
I0729,snacks,Danka,1.92,2024-09-23
I0730,snacks,Corvo,2.23,2025-03-17
I0731,snacks,Marna,3.7,2024-11-25
I0732,snacks,Solri,2.64,2024-10-21
I0733,snacks,Danka,6.43,2024-09-09
I0734,snacks,Elna,2.3,2024-12-16
I0735,snacks,Danka,1.93,2025-01-27
I0736,snacks,Velsa,2.34,2024-11-18
I0737,snacks,Velsa,2.5,2024-09-30
I0738,snacks,Elna,3.21,2024-11-11
I0739,snacks,Urka,2.64,2024-12-02
I0740,snacks,Velfi,2.55,2024-11-25
I0741,snacks,Marna,1.69,2025-01-06
I0742,snacks,Urka,1.51,2024-10-28
I0743,snacks,Velsa,2.09,2024-09-30
I0744,snacks,Marna,3.24,2025-01-06
I0745,snacks,Marna,1.76,2024-10-07
I0746,snacks,Velsa,1.71,2024-10-14
I0747,snacks,Marna,2.53,2024-12-09
I0748,snacks,Elna,2.87,2024-10-28
I0749,snacks,Danka,2.34,2024-09-02
I0750,snacks,Urka,2.58,2025-03-03
I0751,snacks,Marna,1.89,2024-10-21
I0752,snacks,Danka,2.82,2025-02-24
I0753,snacks,Marna,4.27,2024-09-09
I0754,snacks,Solri,6.4,2024-09-30
I0755,snacks,Corvo,7.34,2024-11-18
I0756,snacks,Marna,2.13,2024-10-21
I0757,snacks,Velsa,2.87,2024-11-25
I0758,snacks,Urka,3.37,2024-10-28
I0759,snacks,Danka,2.83,2025-03-17
I0760,snacks,Elna,3.62,2024-09-30
I0761,snacks,Danka,2.95,2024-12-16
I0762,snacks,Danka,6.16,2024-08-19
I0763,snacks,Urka,5.6,2024-09-30
I0764,snacks,Danka,3.16,2024-10-07
I0765,snacks,Solri,4.21,2024-12-09
I0766,snacks,Corvo,2.12,2024-10-21
I0767,snacks,Solri,2.62,2024-09-02
I0768,snacks,Velsa,1.73,2025-01-06
I0769,snacks,Velfi,4.77,2024-12-30
I0770,snacks,Velfi,3.31,2025-02-17
I0771,snacks,Danka,3.7,2024-10-28
I0772,snacks,Danka,3.92,2024-11-18
I0773,snacks,Velsa,4.53,2025-03-24
I0774,snacks,Velfi,3.69,2025-01-20
I0775,snacks,Corvo,4.09,2024-11-11
I0776,snacks,Solri,2.57,2024-11-11
I0777,snacks,Marna,2.38,2024-11-04
I0778,snacks,Corvo,3.36,2024-11-11
I0779,snacks,Marna,4.81,2025-03-17
I0780,snacks,Velsa,3.68,2025-02-10
I0781,snacks,Velfi,3.9,2024-11-11
I0782,snacks,Marna,3.24,2024-10-21
I0783,snacks,Marna,4.67,2025-02-03
I0784,snacks,Marna,2.35,2024-08-26
I0785,snacks,Urka,1.85,2024-09-09
I0786,snacks,Velfi,4.24,2025-03-03
I0787,snacks,Marna,2.47,2025-02-10
I0788,snacks,Elna,2.39,2024-10-07
I0789,snacks,Elna,1.78,2024-10-28
I0790,snacks,Danka,2.9,2024-11-18
I0791,snacks,Marna,2.28,2025-01-27
I0792,snacks,Velsa,2.11,2024-10-28
I0793,snacks,Velfi,4.81,2024-10-28
I0794,snacks,Velfi,3.84,2024-08-26
I0795,snacks,Velsa,2.77,2025-02-10
I0796,snacks,Marna,2.36,2024-10-28
I0797,snacks,Elna,5.3,2024-12-30
I0798,snacks,Velfi,1.66,2024-08-19
I0799,snacks,Urka,5.43,2024-12-16
I0800,snacks,Velfi,4.69,2024-12-02
I0801,breakfast-cereal,Quinti,5.65,2024-11-04
I0802,breakfast-cereal,Halvo,4.41,2024-08-19
I0803,breakfast-cereal,Fenda,5.48,2024-10-28
I0804,breakfast-cereal,Lumli,7.1,2025-02-03
I0805,breakfast-cereal,Quinti,5.43,2024-10-28
I0806,breakfast-cereal,Belfi,3.83,2025-01-13
I0807,breakfast-cereal,Halvo,8.06,2025-01-13
I0808,breakfast-cereal,Lumli,4.27,2024-10-21
I0809,breakfast-cereal,Lumli,4.68,2024-11-04
I0810,breakfast-cereal,Lummo,2.5,2024-12-02
I0811,breakfast-cereal,Lummo,8.65,2025-02-24
I0812,breakfast-cereal,Belti,4.63,2025-03-24
I0813,breakfast-cereal,Lummo,6.64,2024-12-09
I0814,breakfast-cereal,Tamgo,4.56,2024-10-21
I0815,breakfast-cereal,Fenda,3.61,2024-09-09
I0816,breakfast-cereal,Tamgo,3.98,2024-11-18
I0817,breakfast-cereal,Belti,6.28,2024-08-26
I0818,breakfast-cereal,Tamgo,3.73,2025-01-06
I0819,breakfast-cereal,Lumli,5.28,2024-10-07
I0820,breakfast-cereal,Lummo,3.82,2024-10-07
I0821,breakfast-cereal,Belti,4.82,2024-09-30
I0822,breakfast-cereal,Lummo,6.66,2024-12-30
I0823,breakfast-cereal,Lummo,3.59,2024-09-30
I0824,breakfast-cereal,Lumli,8.14,2024-10-21
I0825,breakfast-cereal,Halvo,5.93,2024-12-16
I0826,breakfast-cereal,Lumli,9.0,2024-10-21
I0827,breakfast-cereal,Fenda,6.45,2024-11-11
I0828,breakfast-cereal,Quinti,6.66,2024-12-16
I0829,breakfast-cereal,Lumli,4.72,2025-01-06
I0830,breakfast-cereal,Quinti,4.46,2024-11-11
I0831,breakfast-cereal,Fenda,7.13,2024-08-19
I0832,breakfast-cereal,Halvo,3.22,2024-10-21
I0833,breakfast-cereal,Fenda,3.26,2024-09-16
I0834,breakfast-cereal,Lummo,5.79,2025-03-24
I0835,breakfast-cereal,Tamgo,6.75,2024-09-30
I0836,breakfast-cereal,Belfi,4.7,2024-09-23
I0837,breakfast-cereal,Halvo,4.05,2024-09-02
I0838,breakfast-cereal,Fenda,4.02,2024-09-23
I0839,breakfast-cereal,Lummo,8.76,2025-03-10
I0840,breakfast-cereal,Belfi,2.5,2024-12-30
I0841,breakfast-cereal,Quinti,5.79,2024-11-04
I0842,breakfast-cereal,Lummo,7.31,2024-12-09
I0843,breakfast-cereal,Lummo,2.82,2024-11-11
I0844,breakfast-cereal,Halvo,6.89,2024-10-07
I0845,breakfast-cereal,Fenda,3.93,2024-12-02
I0846,breakfast-cereal,Lumli,3.9,2024-10-28
I0847,breakfast-cereal,Quinti,5.18,2024-09-16
I0848,breakfast-cereal,Belfi,6.8,2024-11-11
I0849,breakfast-cereal,Belti,3.55,2024-09-09
I0850,breakfast-cereal,Tamgo,5.39,2024-09-09
I0851,breakfast-cereal,Fenda,4.37,2024-11-11
I0852,breakfast-cereal,Halvo,3.5,2024-10-07
I0853,breakfast-cereal,Belti,2.91,2024-12-09
I0854,breakfast-cereal,Belti,4.5,2025-01-20
I0855,breakfast-cereal,Tamgo,3.0,2025-03-17
I0856,breakfast-cereal,Belti,6.19,2024-12-16
I0857,breakfast-cereal,Lumli,4.62,2024-10-28
I0858,breakfast-cereal,Quinti,3.85,2024-08-19
I0859,breakfast-cereal,Belti,6.28,2024-08-19
I0860,breakfast-cereal,Lumli,3.79,2024-09-02
I0861,breakfast-cereal,Halvo,5.89,2024-09-23
I0862,breakfast-cereal,Belfi,5.21,2024-09-09
I0863,breakfast-cereal,Tamgo,3.25,2024-08-19
I0864,breakfast-cereal,Quinti,5.36,2024-10-14
I0865,breakfast-cereal,Belfi,5.82,2025-02-10
I0866,breakfast-cereal,Fenda,7.76,2024-12-02
I0867,breakfast-cereal,Lummo,3.42,2024-10-07
I0868,breakfast-cereal,Halvo,6.15,2024-09-30
I0869,breakfast-cereal,Belfi,2.76,2024-12-16
I0870,breakfast-cereal,Tamgo,5.63,2024-08-26
I0871,breakfast-cereal,Halvo,4.33,2025-02-24
I0872,breakfast-cereal,Halvo,7.39,2025-03-03
I0873,breakfast-cereal,Lumli,5.93,2024-09-16
I0874,breakfast-cereal,Quinti,7.55,2024-12-16
I0875,breakfast-cereal,Belti,5.7,2025-03-24
I0876,breakfast-cereal,Belti,5.24,2024-11-18
I0877,breakfast-cereal,Lumli,4.69,2025-01-13
I0878,breakfast-cereal,Belti,3.88,2024-08-19
I0879,breakfast-cereal,Belti,6.59,2024-10-14
I0880,breakfast-cereal,Belfi,3.32,2024-10-21
I0881,breakfast-cereal,Halvo,6.14,2025-03-17
I0882,breakfast-cereal,Lumli,5.1,2024-09-02
I0883,breakfast-cereal,Fenda,3.81,2024-08-19
I0884,breakfast-cereal,Belti,5.33,2024-11-11
I0885,breakfast-cereal,Belfi,4.97,2024-12-02
I0886,breakfast-cereal,Belti,6.08,2024-12-02
I0887,breakfast-cereal,Quinti,6.49,2024-10-21
I0888,breakfast-cereal,Belti,6.05,2024-12-30
I0889,breakfast-cereal,Halvo,3.32,2024-12-16
I0890,breakfast-cereal,Belfi,9.0,2024-11-04
I0891,breakfast-cereal,Belfi,8.71,2025-01-13
I0892,breakfast-cereal,Lumli,5.47,2025-02-24
I0893,breakfast-cereal,Belti,3.9,2024-09-30
I0894,breakfast-cereal,Belti,4.27,2025-03-24
I0895,breakfast-cereal,Lummo,7.89,2024-09-02
I0896,breakfast-cereal,Belti,4.21,2024-10-21
I0897,breakfast-cereal,Lumli,7.01,2024-11-18
I0898,breakfast-cereal,Lummo,4.48,2024-11-18
I0899,breakfast-cereal,Halvo,4.22,2025-03-24
I0900,breakfast-cereal,Lummo,3.7,2024-10-07
I0901,pantry-staples,Pelsa,1.67,2024-10-07
I0902,pantry-staples,Tamda,3.11,2024-11-04
I0903,pantry-staples,Orba,6.25,2024-11-11
I0904,pantry-staples,Fenti,4.89,2025-01-27
I0905,pantry-staples,Tamda,3.46,2025-01-06
I0906,pantry-staples,Orli,3.41,2024-12-16
I0907,pantry-staples,Pelsa,2.63,2024-09-23
I0908,pantry-staples,Kelvo,2.82,2024-08-19
I0909,pantry-staples,Weska,4.45,2025-02-10
I0910,pantry-staples,Orba,8.93,2024-09-09
I0911,pantry-staples,Garpo,2.56,2024-11-25
I0912,pantry-staples,Orba,2.27,2025-01-13
I0913,pantry-staples,Orba,2.11,2024-11-04
I0914,pantry-staples,Pelsa,5.4,2024-09-30
I0915,pantry-staples,Orli,2.81,2024-11-04
I0916,pantry-staples,Tamda,6.94,2024-12-09
I0917,pantry-staples,Fenti,5.7,2024-09-23
I0918,pantry-staples,Weska,4.06,2024-08-19
I0919,pantry-staples,Kelvo,4.39,2024-12-23
I0920,pantry-staples,Tamda,2.52,2025-02-10
I0921,pantry-staples,Kelvo,3.52,2024-11-04
I0922,pantry-staples,Kelvo,3.51,2024-10-21
I0923,pantry-staples,Fenti,2.1,2024-11-11
I0924,pantry-staples,Garpo,4.11,2024-11-25
I0925,pantry-staples,Weska,5.37,2024-10-21
I0926,pantry-staples,Kelvo,2.47,2025-01-06
I0927,pantry-staples,Tamda,3.99,2024-11-25
I0928,pantry-staples,Pelsa,2.75,2024-12-02
I0929,pantry-staples,Fenti,1.85,2025-02-03
I0930,pantry-staples,Weska,2.8,2024-09-30
I0931,pantry-staples,Tamda,2.11,2024-10-28
I0932,pantry-staples,Pelsa,4.39,2024-11-11
I0933,pantry-staples,Kelvo,3.19,2024-11-25
I0934,pantry-staples,Tamda,6.47,2025-03-03
I0935,pantry-staples,Fenti,2.49,2024-11-18
I0936,pantry-staples,Fenti,2.42,2025-01-20
I0937,pantry-staples,Orli,2.57,2025-01-20
I0938,pantry-staples,Pelsa,1.7,2024-09-23
I0939,pantry-staples,Weska,2.8,2025-01-13
I0940,pantry-staples,Tamda,2.45,2025-03-17
I0941,pantry-staples,Orli,3.08,2024-11-25
I0942,pantry-staples,Weska,4.16,2024-12-23
I0943,pantry-staples,Weska,2.43,2024-12-09
I0944,pantry-staples,Orli,6.63,2025-03-10
I0945,pantry-staples,Fenti,3.46,2025-02-03
I0946,pantry-staples,Orba,4.15,2024-12-30
I0947,pantry-staples,Fenti,2.37,2025-01-06
I0948,pantry-staples,Fenti,3.15,2024-11-18
I0949,pantry-staples,Fenti,6.39,2025-02-24
I0950,pantry-staples,Garpo,2.61,2024-08-19
I0951,pantry-staples,Orba,2.65,2025-02-03
I0952,pantry-staples,Garpo,3.25,2024-11-18
I0953,pantry-staples,Weska,5.52,2024-12-30
I0954,pantry-staples,Kelvo,3.68,2024-12-02
I0955,pantry-staples,Pelsa,4.59,2024-11-25
I0956,pantry-staples,Kelvo,2.76,2024-11-11
I0957,pantry-staples,Tamda,4.27,2024-08-26
I0958,pantry-staples,Fenti,2.61,2025-02-24
I0959,pantry-staples,Kelvo,3.31,2024-10-07
I0960,pantry-staples,Orba,3.19,2024-09-30
I0961,pantry-staples,Kelvo,5.63,2025-02-24
I0962,pantry-staples,Orba,4.0,2024-12-16
I0963,pantry-staples,Tamda,4.54,2024-09-16
I0964,pantry-staples,Garpo,3.73,2024-11-04
I0965,pantry-staples,Orba,4.36,2024-09-09
I0966,pantry-staples,Kelvo,5.36,2024-09-30
I0967,pantry-staples,Kelvo,3.51,2024-12-09
I0968,pantry-staples,Fenti,3.71,2024-08-26
I0969,pantry-staples,Pelsa,6.49,2024-12-30
I0970,pantry-staples,Orli,4.11,2024-12-02
I0971,pantry-staples,Orba,3.2,2025-01-06
I0972,pantry-staples,Orba,3.68,2024-10-14
I0973,pantry-staples,Pelsa,5.56,2024-10-28
I0974,pantry-staples,Orli,2.1,2024-09-02
I0975,pantry-staples,Fenti,4.3,2024-08-26
I0976,pantry-staples,Orba,1.99,2024-11-25
I0977,pantry-staples,Pelsa,4.87,2025-03-10
I0978,pantry-staples,Orba,2.77,2024-11-25
I0979,pantry-staples,Orba,5.34,2024-11-18
I0980,pantry-staples,Weska,2.46,2024-09-02
I0981,pantry-staples,Pelsa,4.39,2025-01-13
I0982,pantry-staples,Pelsa,1.47,2024-12-30
I0983,pantry-staples,Weska,3.1,2024-09-30
I0984,pantry-staples,Fenti,4.24,2024-11-25
I0985,pantry-staples,Garpo,2.34,2024-08-19
I0986,pantry-staples,Orli,1.6,2025-03-17
I0987,pantry-staples,Orli,2.14,2024-11-04
I0988,pantry-staples,Orba,2.49,2025-01-06
I0989,pantry-staples,Weska,4.9,2024-12-09
I0990,pantry-staples,Tamda,3.37,2025-03-10
I0991,pantry-staples,Orli,3.93,2024-12-30
I0992,pantry-staples,Kelvo,4.37,2024-08-19
I0993,pantry-staples,Orli,3.3,2024-10-14
I0994,pantry-staples,Fenti,3.68,2024-09-23
I0995,pantry-staples,Kelvo,1.92,2025-02-10
I0996,pantry-staples,Weska,3.85,2024-10-14
I0997,pantry-staples,Orli,4.28,2024-12-02
I0998,pantry-staples,Garpo,4.09,2024-12-16
I0999,pantry-staples,Fenti,3.28,2024-09-30
I1000,pantry-staples,Orba,2.12,2025-01-20
I1001,condiments-sauces,Wesba,5.19,2024-09-30
I1002,condiments-sauces,Corda,4.51,2024-11-11
I1003,condiments-sauces,Wesba,4.5,2024-09-16
I1004,condiments-sauces,Pelvo,1.5,2024-12-23
I1005,condiments-sauces,Pelvo,2.15,2024-12-16
I1006,condiments-sauces,Urli,3.76,2024-11-04
I1007,condiments-sauces,Garda,6.11,2024-10-07
I1008,condiments-sauces,Garda,2.3,2025-02-03
I1009,condiments-sauces,Yorka,2.06,2024-08-26
I1010,condiments-sauces,Wesba,5.1,2024-12-09
I1011,condiments-sauces,Wesba,4.05,2024-11-04
I1012,condiments-sauces,Urli,3.12,2024-12-09
I1013,condiments-sauces,Garda,3.71,2025-01-06
I1014,condiments-sauces,Yorka,4.72,2024-11-25
I1015,condiments-sauces,Garda,3.0,2024-08-26
I1016,condiments-sauces,Wesba,5.35,2024-10-14
I1017,condiments-sauces,Wesba,7.42,2024-09-23
I1018,condiments-sauces,Quinka,4.24,2024-09-16
I1019,condiments-sauces,Urli,2.51,2024-10-21
I1020,condiments-sauces,Quinka,6.78,2024-12-09
I1021,condiments-sauces,Garda,2.67,2024-12-16
I1022,condiments-sauces,Wesba,3.59,2024-10-14
I1023,condiments-sauces,Corda,2.5,2024-11-18
I1024,condiments-sauces,Corda,3.87,2024-11-04
I1025,condiments-sauces,Corda,3.09,2024-12-23
I1026,condiments-sauces,Quinka,6.02,2024-12-02
I1027,condiments-sauces,Garda,3.56,2024-10-07
I1028,condiments-sauces,Corda,2.47,2024-11-25
I1029,condiments-sauces,Garda,3.39,2024-09-30
I1030,condiments-sauces,Corda,2.46,2024-11-11
I1031,condiments-sauces,Yorka,3.87,2024-11-11
I1032,condiments-sauces,Yorka,2.51,2024-09-02
I1033,condiments-sauces,Corri,2.69,2024-12-30
I1034,condiments-sauces,Quinka,4.82,2024-08-26
I1035,condiments-sauces,Yorka,2.87,2025-01-20
I1036,condiments-sauces,Pelvo,3.27,2024-12-30
I1037,condiments-sauces,Quinka,3.44,2024-10-14
I1038,condiments-sauces,Yorka,3.74,2024-09-30
I1039,condiments-sauces,Corri,3.28,2024-09-02
I1040,condiments-sauces,Corri,5.17,2024-10-07
I1041,condiments-sauces,Corda,3.48,2025-02-10
I1042,condiments-sauces,Corri,2.86,2024-09-16
I1043,condiments-sauces,Corda,3.2,2024-08-19
I1044,condiments-sauces,Wesba,4.01,2024-08-19
I1045,condiments-sauces,Urli,2.62,2024-09-16
I1046,condiments-sauces,Urli,2.98,2024-09-02
I1047,condiments-sauces,Pelvo,3.03,2024-10-28
I1048,condiments-sauces,Garda,1.97,2025-03-24
I1049,condiments-sauces,Pelvo,4.34,2025-03-03
I1050,condiments-sauces,Pelvo,3.15,2025-02-17
I1051,condiments-sauces,Quinka,3.27,2024-08-19
I1052,condiments-sauces,Wesba,3.58,2024-08-19
I1053,condiments-sauces,Yorka,2.37,2024-10-21
I1054,condiments-sauces,Corri,1.5,2024-11-11
I1055,condiments-sauces,Quinka,4.88,2024-12-02
I1056,condiments-sauces,Wesba,3.92,2024-08-26
I1057,condiments-sauces,Garda,4.04,2024-10-14
I1058,condiments-sauces,Wesba,2.52,2024-11-25
I1059,condiments-sauces,Quinka,3.17,2024-11-04
I1060,condiments-sauces,Urli,4.75,2024-12-02
I1061,condiments-sauces,Corri,3.29,2024-10-14
I1062,condiments-sauces,Corri,4.49,2024-11-11
I1063,condiments-sauces,Garda,5.79,2025-03-10
I1064,condiments-sauces,Wesba,3.65,2024-10-07
I1065,condiments-sauces,Urli,3.7,2024-12-09
I1066,condiments-sauces,Urli,2.61,2024-08-19
I1067,condiments-sauces,Garda,3.09,2024-12-30
I1068,condiments-sauces,Garda,3.73,2024-11-18
I1069,condiments-sauces,Corri,3.97,2025-01-06
I1070,condiments-sauces,Yorka,1.96,2024-09-09
I1071,condiments-sauces,Wesba,6.48,2024-12-16
I1072,condiments-sauces,Yorka,4.54,2024-11-25
I1073,condiments-sauces,Corri,4.11,2024-08-26
I1074,condiments-sauces,Urli,3.49,2024-11-25
I1075,condiments-sauces,Yorka,3.81,2024-09-09
I1076,condiments-sauces,Corda,7.68,2024-10-21
I1077,condiments-sauces,Pelvo,3.22,2024-09-30
I1078,condiments-sauces,Corda,6.13,2025-03-10
I1079,condiments-sauces,Corri,2.4,2024-10-07
I1080,condiments-sauces,Garda,6.2,2024-11-18
I1081,condiments-sauces,Pelvo,2.98,2024-10-14
I1082,condiments-sauces,Corda,4.61,2024-12-23
I1083,condiments-sauces,Corda,5.11,2024-12-09
I1084,condiments-sauces,Quinka,4.66,2024-09-09
I1085,condiments-sauces,Wesba,3.63,2024-12-23
I1086,condiments-sauces,Pelvo,3.4,2024-08-26
I1087,condiments-sauces,Quinka,2.67,2025-03-24
I1088,condiments-sauces,Urli,3.14,2024-10-21
I1089,condiments-sauces,Garda,6.61,2024-09-02
I1090,condiments-sauces,Quinka,2.93,2024-11-25
I1091,condiments-sauces,Garda,1.9,2025-03-03
I1092,condiments-sauces,Pelvo,2.88,2024-10-07
I1093,condiments-sauces,Pelvo,3.19,2025-02-10
I1094,condiments-sauces,Urli,4.71,2025-02-03
I1095,condiments-sauces,Quinka,2.79,2024-09-02
I1096,condiments-sauces,Wesba,4.47,2024-12-30
I1097,condiments-sauces,Garda,6.05,2024-09-23
I1098,condiments-sauces,Quinka,5.71,2025-03-17
I1099,condiments-sauces,Garda,4.34,2024-11-11
I1100,condiments-sauces,Urli,3.75,2024-11-04
I1101,baking,Danwa,3.05,2024-08-19
I1102,baking,Norsa,3.84,2025-03-17
I1103,baking,Danwa,2.14,2025-03-10
I1104,baking,Norsa,2.14,2025-01-06
I1105,baking,Orvo,4.64,2025-02-03
I1106,baking,Rassa,4.98,2025-03-03
I1107,baking,Orvo,3.94,2024-12-30
I1108,baking,Halda,6.18,2024-11-11
I1109,baking,Zanka,5.82,2025-01-06
I1110,baking,Zanka,4.6,2025-03-17
I1111,baking,Halda,3.58,2024-12-02
I1112,baking,Halda,4.88,2024-12-02
I1113,baking,Pelli,4.2,2024-11-11
I1114,baking,Marli,2.98,2024-10-14
I1115,baking,Halda,3.43,2025-01-06
I1116,baking,Rassa,3.28,2024-10-21
I1117,baking,Rassa,4.51,2024-09-09
I1118,baking,Marli,2.01,2024-10-28
I1119,baking,Halda,3.12,2024-09-30
I1120,baking,Halda,3.76,2025-02-10
I1121,baking,Norsa,3.61,2024-12-30
I1122,baking,Zanka,4.54,2025-01-27
I1123,baking,Rassa,2.6,2025-01-20
I1124,baking,Danwa,5.89,2024-09-23
I1125,baking,Norsa,6.3,2025-01-27
I1126,baking,Norsa,8.2,2024-12-16
I1127,baking,Danwa,6.8,2024-10-14
I1128,baking,Norsa,6.33,2024-10-07
I1129,baking,Rassa,4.32,2024-12-02
I1130,baking,Marli,3.77,2024-11-18
I1131,baking,Halda,1.84,2024-09-23
I1132,baking,Pelli,4.37,2024-11-18
I1133,baking,Norsa,4.49,2024-10-07
I1134,baking,Zanka,3.4,2024-10-14
I1135,baking,Halda,2.81,2024-09-02
I1136,baking,Norsa,4.19,2024-11-04
I1137,baking,Rassa,5.13,2024-09-02
I1138,baking,Rassa,5.87,2024-11-25
I1139,baking,Zanka,2.28,2024-12-30
I1140,baking,Marli,4.58,2024-12-02
I1141,baking,Zanka,2.74,2024-09-09
I1142,baking,Norsa,6.62,2024-11-04
I1143,baking,Rassa,2.84,2024-09-02
I1144,baking,Danwa,3.95,2024-09-23
I1145,baking,Norsa,4.31,2024-09-23
I1146,baking,Orvo,2.75,2024-12-02
I1147,baking,Zanka,2.96,2024-12-02
I1148,baking,Rassa,4.36,2025-02-10
I1149,baking,Zanka,4.46,2024-10-21
I1150,baking,Norsa,4.03,2024-09-23
I1151,baking,Norsa,4.33,2024-09-02
I1152,baking,Zanka,4.73,2024-12-23
I1153,baking,Rassa,4.46,2025-01-27
I1154,baking,Danwa,2.8,2024-11-18
I1155,baking,Danwa,1.93,2024-10-28
I1156,baking,Pelli,3.46,2024-09-23
I1157,baking,Orvo,4.44,2025-02-10
I1158,baking,Danwa,4.05,2024-09-16
I1159,baking,Halda,3.13,2024-10-21
I1160,baking,Orvo,4.38,2024-10-28
I1161,baking,Zanka,7.51,2025-03-24
I1162,baking,Halda,3.5,2025-02-24
I1163,baking,Norsa,3.98,2024-10-21
I1164,baking,Halda,2.76,2024-09-02
I1165,baking,Halda,3.98,2024-10-28
I1166,baking,Marli,5.75,2024-09-30
I1167,baking,Pelli,4.31,2025-01-06
I1168,baking,Marli,6.02,2025-03-17
I1169,baking,Rassa,5.71,2024-12-16
I1170,baking,Norsa,7.01,2025-02-10
I1171,baking,Halda,6.4,2024-10-28
I1172,baking,Danwa,5.11,2024-11-25
I1173,baking,Zanka,6.05,2024-11-11
I1174,baking,Rassa,3.52,2025-02-24
I1175,baking,Marli,5.06,2024-11-25
I1176,baking,Orvo,4.63,2024-11-18
I1177,baking,Danwa,4.04,2024-12-30
I1178,baking,Orvo,3.85,2024-11-18
I1179,baking,Orvo,4.62,2025-01-20
I1180,baking,Zanka,3.23,2025-01-06
I1181,baking,Pelli,4.24,2024-09-30
I1182,baking,Rassa,8.67,2024-08-26
I1183,baking,Danwa,4.93,2024-08-26
I1184,baking,Rassa,2.9,2024-12-16
I1185,baking,Zanka,5.66,2024-09-16
I1186,baking,Zanka,4.53,2024-10-21
I1187,baking,Marli,4.06,2024-10-14
I1188,baking,Orvo,5.12,2024-08-19
I1189,baking,Orvo,4.06,2024-11-18
I1190,baking,Rassa,3.24,2024-12-23
I1191,baking,Zanka,4.05,2024-09-30
I1192,baking,Orvo,4.18,2024-12-30
I1193,baking,Marli,5.08,2024-10-21
I1194,baking,Halda,6.44,2025-01-06
I1195,baking,Pelli,7.52,2024-11-18
I1196,baking,Danwa,2.82,2024-09-16
I1197,baking,Danwa,5.14,2024-12-30
I1198,baking,Norsa,3.89,2024-11-18
I1199,baking,Marli,6.56,2024-11-04
I1200,baking,Pelli,2.97,2024-09-16
I1201,coffee-tea,Marze,5.69,2025-01-13
I1202,coffee-tea,Orri,6.72,2024-12-16
I1203,coffee-tea,Marze,12.4,2024-12-09
I1204,coffee-tea,Fenri,10.79,2024-12-09
I1205,coffee-tea,Elze,7.36,2024-11-11
I1206,coffee-tea,Solli,10.77,2025-03-10
I1207,coffee-tea,Halmo,15.28,2025-01-06
I1208,coffee-tea,Fenri,5.6,2024-10-07
I1209,coffee-tea,Halmo,7.96,2024-09-09
I1210,coffee-tea,Marze,7.94,2024-09-30
I1211,coffee-tea,Halmo,3.0,2024-09-23
I1212,coffee-tea,Marze,6.47,2024-12-23
I1213,coffee-tea,Lumri,5.56,2024-10-07
I1214,coffee-tea,Halmo,8.39,2024-12-09
I1215,coffee-tea,Fenri,4.96,2024-12-02
I1216,coffee-tea,Marri,7.07,2024-12-16
I1217,coffee-tea,Marri,3.68,2024-09-09
I1218,coffee-tea,Marri,8.93,2024-12-09
I1219,coffee-tea,Marze,4.8,2024-10-07
I1220,coffee-tea,Halmo,10.63,2024-11-11
I1221,coffee-tea,Marri,9.55,2025-01-20
I1222,coffee-tea,Orri,6.59,2024-11-04
I1223,coffee-tea,Lumri,7.25,2024-09-09
I1224,coffee-tea,Marri,6.46,2024-11-11
I1225,coffee-tea,Marze,8.91,2024-12-02
I1226,coffee-tea,Fenri,5.85,2025-01-06
I1227,coffee-tea,Marri,9.15,2025-01-20
I1228,coffee-tea,Elze,10.49,2024-08-26
I1229,coffee-tea,Elze,6.76,2025-03-03
I1230,coffee-tea,Marze,10.15,2025-03-10
I1231,coffee-tea,Marze,8.9,2024-09-02
I1232,coffee-tea,Solli,8.36,2024-09-23
I1233,coffee-tea,Marze,4.94,2024-09-09
I1234,coffee-tea,Orri,6.85,2024-11-18
I1235,coffee-tea,Elze,4.93,2025-03-17
I1236,coffee-tea,Halmo,7.69,2024-11-25
I1237,coffee-tea,Orri,5.64,2024-12-16
I1238,coffee-tea,Halmo,8.05,2024-12-09
I1239,coffee-tea,Orri,5.72,2024-11-25
I1240,coffee-tea,Lumri,4.66,2024-11-11
I1241,coffee-tea,Marze,9.7,2024-09-30
I1242,coffee-tea,Lumri,10.68,2025-01-06
I1243,coffee-tea,Halmo,8.97,2024-11-04
I1244,coffee-tea,Fenri,6.77,2024-09-02
I1245,coffee-tea,Solli,7.31,2024-11-18
I1246,coffee-tea,Lumri,6.76,2024-09-16
I1247,coffee-tea,Elze,7.92,2024-08-19
I1248,coffee-tea,Orri,7.59,2025-01-06
I1249,coffee-tea,Marze,5.12,2025-02-10
I1250,coffee-tea,Solli,5.43,2024-11-04
I1251,coffee-tea,Lumri,8.46,2024-12-23
I1252,coffee-tea,Marri,3.83,2024-09-23
I1253,coffee-tea,Fenri,5.25,2024-08-19
I1254,coffee-tea,Halmo,6.91,2025-01-06
I1255,coffee-tea,Marze,6.29,2024-09-09
I1256,coffee-tea,Marze,7.3,2024-11-25
I1257,coffee-tea,Solli,7.13,2024-10-28
I1258,coffee-tea,Lumri,7.94,2024-08-26
I1259,coffee-tea,Fenri,5.09,2024-10-14
I1260,coffee-tea,Marze,3.24,2024-12-30
I1261,coffee-tea,Fenri,11.75,2025-02-17
I1262,coffee-tea,Marri,8.09,2024-09-02
I1263,coffee-tea,Orri,5.99,2024-08-19
I1264,coffee-tea,Solli,12.53,2025-01-06
I1265,coffee-tea,Halmo,5.55,2024-11-18
I1266,coffee-tea,Marri,8.38,2024-11-25
I1267,coffee-tea,Solli,4.36,2024-09-23
I1268,coffee-tea,Marri,11.91,2024-09-02
I1269,coffee-tea,Lumri,6.82,2024-10-28
I1270,coffee-tea,Elze,10.04,2024-12-16
I1271,coffee-tea,Fenri,8.08,2024-09-09
I1272,coffee-tea,Halmo,8.8,2024-09-02
I1273,coffee-tea,Lumri,5.85,2024-10-28
I1274,coffee-tea,Elze,4.25,2024-12-30
I1275,coffee-tea,Solli,6.86,2024-10-14
I1276,coffee-tea,Marri,4.06,2025-02-10
I1277,coffee-tea,Marze,13.47,2024-10-07
I1278,coffee-tea,Lumri,10.65,2024-10-07
I1279,coffee-tea,Fenri,11.19,2024-08-19
I1280,coffee-tea,Marri,6.02,2024-10-28
I1281,coffee-tea,Elze,5.41,2024-11-25
I1282,coffee-tea,Solli,4.86,2024-12-23
I1283,coffee-tea,Halmo,5.31,2024-09-09
I1284,coffee-tea,Elze,3.76,2025-02-10
I1285,coffee-tea,Halmo,11.37,2024-10-21
I1286,coffee-tea,Fenri,7.49,2025-03-24
I1287,coffee-tea,Fenri,5.62,2024-08-26
I1288,coffee-tea,Orri,9.36,2024-08-26
I1289,coffee-tea,Marze,10.27,2024-10-21
I1290,coffee-tea,Halmo,8.86,2024-11-25
I1291,coffee-tea,Halmo,13.74,2024-10-07
I1292,coffee-tea,Fenri,9.47,2024-09-23
I1293,coffee-tea,Orri,7.76,2024-09-02
I1294,coffee-tea,Orri,6.6,2025-01-27
I1295,coffee-tea,Orri,3.24,2024-10-14
I1296,coffee-tea,Lumri,8.0,2024-09-09
I1297,coffee-tea,Marze,7.29,2024-09-23
I1298,coffee-tea,Marri,8.95,2024-12-02
I1299,coffee-tea,Halmo,3.4,2025-01-13
I1300,coffee-tea,Halmo,11.54,2024-11-04
I1301,desserts,Jovgo,2.98,2024-12-09
I1302,desserts,Velti,5.88,2024-10-28
I1303,desserts,Elda,4.55,2024-09-16
I1304,desserts,Jovgo,5.38,2024-10-28
I1305,desserts,Urvo,2.05,2024-09-02
I1306,desserts,Elda,4.11,2024-09-09
I1307,desserts,Rasze,5.59,2024-09-23
I1308,desserts,Fenli,2.46,2024-09-09
I1309,desserts,Velti,8.91,2024-09-30
I1310,desserts,Rasze,4.38,2024-12-02
I1311,desserts,Rasze,5.52,2025-03-10
I1312,desserts,Orpo,5.57,2024-09-09
I1313,desserts,Orpo,4.59,2024-10-14
I1314,desserts,Yorda,7.24,2024-12-30
I1315,desserts,Yorda,4.25,2025-03-10
I1316,desserts,Fenli,3.01,2024-10-28
I1317,desserts,Orpo,5.28,2025-01-13
I1318,desserts,Jovgo,5.57,2024-11-11
I1319,desserts,Elda,4.4,2024-11-18
I1320,desserts,Velti,3.5,2024-09-16
I1321,desserts,Velti,4.0,2024-10-14
I1322,desserts,Elda,4.33,2024-09-23
I1323,desserts,Urvo,4.08,2024-09-02
I1324,desserts,Fenli,4.27,2024-12-30
I1325,desserts,Yorda,3.14,2024-10-07
I1326,desserts,Velti,9.18,2024-09-02
I1327,desserts,Urvo,2.73,2025-03-10
I1328,desserts,Fenli,10.0,2024-09-16
I1329,desserts,Velti,5.29,2025-03-24
I1330,desserts,Yorda,3.54,2025-03-10
I1331,desserts,Orpo,5.85,2024-12-02
I1332,desserts,Orpo,5.55,2024-12-16
I1333,desserts,Elda,5.82,2024-09-09
I1334,desserts,Velti,8.19,2024-10-07
I1335,desserts,Yorda,3.38,2024-12-09
I1336,desserts,Rasze,3.35,2024-11-18
I1337,desserts,Yorda,4.04,2024-12-09
I1338,desserts,Rasze,5.84,2024-09-23
I1339,desserts,Elda,3.23,2024-11-11
I1340,desserts,Jovgo,2.6,2024-12-23
I1341,desserts,Velti,8.82,2025-02-24
I1342,desserts,Urvo,4.74,2024-09-02
I1343,desserts,Elda,3.52,2024-10-28
I1344,desserts,Elda,2.5,2024-09-09
I1345,desserts,Urvo,3.38,2025-03-24
I1346,desserts,Jovgo,3.55,2024-10-28
I1347,desserts,Rasze,4.23,2025-03-03
I1348,desserts,Elda,4.68,2024-10-28
I1349,desserts,Fenli,7.5,2024-12-02
I1350,desserts,Elda,5.79,2024-09-16
I1351,desserts,Elda,3.72,2024-10-28
I1352,desserts,Urvo,4.21,2024-09-16
I1353,desserts,Yorda,4.96,2024-09-23
I1354,desserts,Fenli,4.39,2025-02-24
I1355,desserts,Elda,5.32,2024-10-07
I1356,desserts,Velti,5.93,2024-08-26
I1357,desserts,Elda,3.66,2024-11-18
I1358,desserts,Rasze,5.86,2024-09-23
I1359,desserts,Jovgo,7.27,2024-09-23
I1360,desserts,Jovgo,3.63,2024-12-02
I1361,desserts,Elda,2.98,2024-09-16
I1362,desserts,Yorda,2.9,2024-09-09
I1363,desserts,Elda,3.05,2024-08-26
I1364,desserts,Urvo,7.59,2024-10-07
I1365,desserts,Urvo,3.01,2025-01-13
I1366,desserts,Rasze,3.36,2024-11-04
I1367,desserts,Fenli,3.5,2024-10-21
I1368,desserts,Urvo,5.93,2024-12-16
I1369,desserts,Rasze,5.11,2024-12-16
I1370,desserts,Urvo,8.61,2025-02-17
I1371,desserts,Rasze,3.52,2025-02-24
I1372,desserts,Rasze,3.56,2024-12-30
I1373,desserts,Yorda,6.26,2024-08-19
I1374,desserts,Rasze,3.7,2024-10-07
I1375,desserts,Fenli,4.89,2024-11-04
I1376,desserts,Elda,5.19,2024-10-14
I1377,desserts,Orpo,4.58,2025-01-27
I1378,desserts,Elda,2.72,2024-11-04
I1379,desserts,Jovgo,7.07,2025-02-17
I1380,desserts,Fenli,3.58,2024-11-18
I1381,desserts,Jovgo,3.54,2024-09-09
I1382,desserts,Yorda,4.52,2024-09-09
I1383,desserts,Jovgo,4.74,2024-08-19
I1384,desserts,Elda,3.27,2025-03-17
I1385,desserts,Urvo,3.12,2024-09-02
I1386,desserts,Jovgo,2.42,2024-11-04
I1387,desserts,Rasze,2.72,2024-12-02
I1388,desserts,Jovgo,3.87,2025-03-24
I1389,desserts,Jovgo,9.7,2024-09-16
I1390,desserts,Elda,3.08,2024-09-09
I1391,desserts,Elda,5.05,2025-03-03
I1392,desserts,Jovgo,6.48,2024-10-21
I1393,desserts,Orpo,6.95,2025-03-24
I1394,desserts,Orpo,3.81,2024-12-23
I1395,desserts,Elda,6.62,2025-02-03
I1396,desserts,Orpo,2.76,2024-12-30
I1397,desserts,Velti,5.85,2024-11-04
I1398,desserts,Orpo,7.32,2025-01-06
I1399,desserts,Fenli,3.61,2024-10-14
I1400,desserts,Rasze,6.15,2024-12-23
I1401,international,Urze,5.33,2024-09-30
I1402,international,Urze,4.21,2025-01-06
I1403,international,Halti,4.88,2024-10-07
I1404,international,Fensa,6.11,2025-02-10
I1405,international,Halti,4.11,2024-11-11
I1406,international,Urze,2.77,2024-11-11
I1407,international,Solwa,5.5,2024-12-09
I1408,international,Fensa,1.82,2024-11-11
I1409,international,Fensa,3.17,2025-01-27
I1410,international,Halti,3.97,2024-11-04
I1411,international,Solwa,3.93,2025-01-06
I1412,international,Orna,6.16,2025-03-17
I1413,international,Solwa,2.68,2024-11-25
I1414,international,Fensa,4.48,2024-09-02
I1415,international,Urze,6.48,2024-09-09
I1416,international,Solwa,1.88,2024-11-25
I1417,international,Solwa,6.54,2025-02-03
I1418,international,Urze,4.54,2024-12-16
I1419,international,Halti,4.09,2024-09-16
I1420,international,Fensa,5.12,2024-08-26
I1421,international,Fensa,5.92,2024-12-16
I1422,international,Marmo,3.6,2024-12-02
I1423,international,Solwa,6.9,2025-03-24
I1424,international,Urze,4.32,2025-02-10
I1425,international,Solwa,6.91,2024-10-07
I1426,international,Urze,5.58,2024-09-02
I1427,international,Solwa,5.02,2024-09-30
I1428,international,Solwa,3.3,2024-08-19
I1429,international,Halti,5.95,2024-09-02
I1430,international,Orfi,4.64,2025-01-06
I1431,international,Urze,3.69,2024-11-25
I1432,international,Raska,3.2,2024-10-28
I1433,international,Fensa,3.96,2024-12-09
I1434,international,Orna,3.46,2025-03-24
I1435,international,Halti,2.59,2025-01-20
I1436,international,Solwa,4.92,2024-08-19
I1437,international,Urze,3.23,2025-02-17
I1438,international,Urze,3.21,2024-10-21
I1439,international,Fensa,4.2,2024-09-02
I1440,international,Raska,4.77,2024-10-07
I1441,international,Halti,4.02,2024-08-19
I1442,international,Urze,3.3,2024-09-30
I1443,international,Orfi,2.29,2024-08-26
I1444,international,Urze,5.8,2024-08-26
I1445,international,Solwa,4.32,2024-09-02
I1446,international,Marmo,3.35,2024-10-21
I1447,international,Raska,4.8,2024-11-25
I1448,international,Orfi,7.63,2024-08-26
I1449,international,Orna,3.25,2024-12-02
I1450,international,Raska,4.6,2025-02-24
I1451,international,Raska,3.22,2024-11-25
I1452,international,Orfi,3.16,2025-02-10
I1453,international,Solwa,3.16,2024-10-07
I1454,international,Marmo,5.64,2024-11-25
I1455,international,Marmo,4.58,2024-11-04
I1456,international,Halti,8.35,2024-09-02
I1457,international,Orna,3.05,2024-12-23
I1458,international,Raska,7.04,2024-09-16
I1459,international,Raska,4.49,2024-12-16
I1460,international,Marmo,6.38,2024-09-23
I1461,international,Halti,4.97,2024-12-30
I1462,international,Orna,3.42,2024-08-26
I1463,international,Raska,4.31,2024-10-21
I1464,international,Orna,4.82,2024-12-23
I1465,international,Marmo,2.76,2024-10-14
I1466,international,Fensa,4.3,2024-12-02
I1467,international,Fensa,2.68,2024-08-19
I1468,international,Halti,4.72,2024-12-09
I1469,international,Orfi,5.45,2024-12-16
I1470,international,Orna,2.45,2025-01-06
I1471,international,Solwa,6.03,2024-09-02
I1472,international,Solwa,10.31,2024-12-30
I1473,international,Solwa,2.9,2024-09-30
I1474,international,Orna,5.64,2024-10-21
I1475,international,Marmo,3.69,2024-09-16
I1476,international,Orna,4.4,2025-03-17
I1477,international,Orna,3.36,2024-12-30
I1478,international,Raska,2.69,2025-03-03
I1479,international,Raska,2.56,2024-12-16
I1480,international,Solwa,4.6,2024-10-28
I1481,international,Orna,4.11,2025-03-17
I1482,international,Solwa,5.88,2024-12-16
I1483,international,Halti,2.88,2024-09-16
I1484,international,Fensa,4.51,2024-09-30
I1485,international,Urze,5.51,2025-01-06
I1486,international,Raska,4.55,2025-03-17
I1487,international,Solwa,3.08,2025-03-03
I1488,international,Solwa,3.4,2025-03-24
I1489,international,Fensa,5.04,2025-03-24
I1490,international,Orfi,6.25,2024-08-19
I1491,international,Marmo,8.13,2024-08-19
I1492,international,Orfi,3.09,2024-11-18
I1493,international,Fensa,3.67,2024-12-09
I1494,international,Orfi,4.97,2024-09-23
I1495,international,Marmo,4.19,2024-09-16
I1496,international,Urze,7.33,2024-11-25
I1497,international,Orfi,3.23,2024-09-30
I1498,international,Fensa,4.13,2024-10-07
I1499,international,Raska,4.93,2025-02-24
I1500,international,Orfi,5.53,2024-12-23
I1501,health-wellness,Yorli,14.67,2025-01-27
I1502,health-wellness,Lumsa,13.5,2025-02-03
I1503,health-wellness,Garli,13.64,2024-11-11
I1504,health-wellness,Rasri,7.85,2025-03-17
I1505,health-wellness,Alti,11.68,2025-03-17
I1506,health-wellness,Yorli,8.47,2025-03-17
I1507,health-wellness,Kelli,5.46,2024-09-02
I1508,health-wellness,Elka,9.25,2024-09-16
I1509,health-wellness,Elka,10.55,2024-12-02
I1510,health-wellness,Lumsa,7.8,2024-10-07
I1511,health-wellness,Norgo,5.91,2024-09-09
I1512,health-wellness,Yorli,10.97,2024-10-28
I1513,health-wellness,Lumsa,7.97,2024-09-30
I1514,health-wellness,Elka,8.33,2024-08-19
I1515,health-wellness,Lumsa,16.38,2024-12-09
I1516,health-wellness,Kelli,6.05,2024-11-25
I1517,health-wellness,Alti,8.68,2024-11-04
I1518,health-wellness,Yorli,12.38,2024-12-30
I1519,health-wellness,Kelli,8.99,2024-09-16
I1520,health-wellness,Elka,8.24,2024-12-30
I1521,health-wellness,Lumsa,8.33,2024-08-19
I1522,health-wellness,Elka,6.77,2024-10-21
I1523,health-wellness,Kelli,11.4,2024-12-02
I1524,health-wellness,Garli,11.94,2024-10-28
I1525,health-wellness,Rasri,8.24,2024-10-21
I1526,health-wellness,Rasri,8.02,2024-08-19
I1527,health-wellness,Alti,20.36,2024-10-21
I1528,health-wellness,Garli,10.79,2024-09-02
I1529,health-wellness,Alti,12.01,2024-08-26
I1530,health-wellness,Norgo,6.53,2024-08-26
I1531,health-wellness,Yorli,7.01,2025-01-13
I1532,health-wellness,Garli,8.74,2024-09-23
I1533,health-wellness,Rasri,11.38,2024-11-25
I1534,health-wellness,Yorli,12.98,2024-09-09
I1535,health-wellness,Elka,7.34,2024-08-19
I1536,health-wellness,Lumsa,9.63,2024-11-25
I1537,health-wellness,Norgo,11.4,2024-10-07
I1538,health-wellness,Rasri,7.07,2024-10-21
I1539,health-wellness,Alti,12.92,2024-10-21
I1540,health-wellness,Kelli,10.57,2025-01-06
I1541,health-wellness,Elka,14.05,2024-09-23
I1542,health-wellness,Lumsa,7.97,2024-12-16
I1543,health-wellness,Alti,9.99,2025-01-06
I1544,health-wellness,Kelli,9.56,2024-10-14
I1545,health-wellness,Yorli,7.22,2025-01-06
I1546,health-wellness,Elka,7.63,2024-11-18
I1547,health-wellness,Norgo,7.26,2024-10-28
I1548,health-wellness,Lumsa,7.49,2025-01-06
I1549,health-wellness,Kelli,9.62,2024-11-11
I1550,health-wellness,Elka,10.46,2024-12-23
I1551,health-wellness,Norgo,10.75,2024-11-11
I1552,health-wellness,Alti,9.1,2025-03-24
I1553,health-wellness,Lumsa,13.67,2024-12-30
I1554,health-wellness,Kelli,11.95,2024-09-16
I1555,health-wellness,Norgo,13.79,2024-09-09
I1556,health-wellness,Norgo,10.6,2024-10-28
I1557,health-wellness,Garli,8.27,2024-11-11
I1558,health-wellness,Alti,8.18,2025-01-06
I1559,health-wellness,Elka,10.08,2025-03-24
I1560,health-wellness,Rasri,7.09,2025-02-17
I1561,health-wellness,Alti,5.51,2025-01-06
I1562,health-wellness,Rasri,10.66,2024-10-07
I1563,health-wellness,Garli,10.77,2024-09-30
I1564,health-wellness,Yorli,19.26,2024-11-04
I1565,health-wellness,Kelli,7.65,2024-08-19
I1566,health-wellness,Yorli,7.5,2024-08-19
I1567,health-wellness,Garli,13.43,2024-09-16
I1568,health-wellness,Alti,6.29,2024-10-21
I1569,health-wellness,Lumsa,9.18,2024-09-23
I1570,health-wellness,Norgo,10.85,2024-08-26
I1571,health-wellness,Elka,7.74,2024-11-18
I1572,health-wellness,Alti,6.41,2024-09-02
I1573,health-wellness,Kelli,8.06,2024-10-21
I1574,health-wellness,Lumsa,4.97,2024-09-09
I1575,health-wellness,Yorli,5.99,2025-03-10
I1576,health-wellness,Garli,7.73,2025-02-17
I1577,health-wellness,Elka,5.23,2025-01-27
I1578,health-wellness,Lumsa,10.74,2024-11-18
I1579,health-wellness,Garli,9.53,2024-11-11
I1580,health-wellness,Lumsa,15.22,2024-09-30
I1581,health-wellness,Norgo,6.84,2024-09-30
I1582,health-wellness,Elka,9.67,2024-12-23
I1583,health-wellness,Rasri,8.64,2024-11-25
I1584,health-wellness,Yorli,7.39,2024-08-26
I1585,health-wellness,Elka,9.27,2024-10-07
I1586,health-wellness,Elka,8.56,2024-12-02
I1587,health-wellness,Lumsa,7.63,2024-10-14
I1588,health-wellness,Yorli,7.95,2024-12-02
I1589,health-wellness,Alti,6.85,2024-09-02
I1590,health-wellness,Yorli,9.29,2024-12-02
I1591,health-wellness,Elka,11.41,2025-02-17
I1592,health-wellness,Yorli,10.19,2024-10-07
I1593,health-wellness,Garli,15.33,2025-01-13
I1594,health-wellness,Lumsa,11.11,2025-01-13
I1595,health-wellness,Elka,7.15,2024-08-26
I1596,health-wellness,Elka,12.83,2024-10-07
I1597,health-wellness,Elka,13.07,2024-10-07
I1598,health-wellness,Rasri,13.6,2024-12-09
I1599,health-wellness,Kelli,10.28,2024-09-23
I1600,health-wellness,Lumsa,8.94,2024-11-25
I1601,baby,Quinpo,8.9,2024-11-25
I1602,baby,Belsa,12.55,2024-08-26
I1603,baby,Belsa,10.35,2024-11-11
I1604,baby,Pelpo,9.29,2024-11-25
I1605,baby,Pelpo,9.98,2024-08-26
I1606,baby,Pelpo,10.05,2024-10-14
I1607,baby,Belsa,10.06,2024-09-23
I1608,baby,Norze,9.46,2024-12-02
I1609,baby,Tamfi,12.08,2024-08-19
I1610,baby,Norze,11.06,2025-01-27
I1611,baby,Pelpo,6.0,2024-10-07
I1612,baby,Norze,8.67,2024-11-18
I1613,baby,Tamfi,13.96,2024-12-16
I1614,baby,Tamfi,9.83,2024-12-02
I1615,baby,Yorwa,10.42,2024-11-18
I1616,baby,Yorwa,16.52,2025-01-13
I1617,baby,Yorwa,11.31,2024-09-23
I1618,baby,Wesda,15.17,2025-01-06
I1619,baby,Belsa,12.99,2024-11-11
I1620,baby,Pelpo,30.36,2024-09-09
I1621,baby,Belsa,10.94,2024-11-11
I1622,baby,Quinpo,8.23,2024-10-07
I1623,baby,Jovze,10.93,2024-10-07
I1624,baby,Jovze,20.52,2024-10-28
I1625,baby,Belsa,14.48,2024-10-21
I1626,baby,Wesda,35.0,2025-02-17
I1627,baby,Norze,17.0,2024-12-23
I1628,baby,Norze,16.74,2024-11-04
I1629,baby,Yorwa,17.91,2024-08-26
I1630,baby,Pelpo,5.55,2025-03-24
I1631,baby,Jovze,9.24,2024-10-07
I1632,baby,Belsa,15.17,2024-12-30
I1633,baby,Tamfi,16.81,2024-12-09
I1634,baby,Pelpo,12.24,2024-08-26
I1635,baby,Belsa,6.24,2024-11-04
I1636,baby,Tamfi,7.1,2024-10-28
I1637,baby,Tamfi,13.43,2024-12-09
I1638,baby,Yorwa,13.69,2024-11-18
I1639,baby,Norze,10.23,2024-11-11
I1640,baby,Tamfi,9.07,2024-12-23
I1641,baby,Norze,8.96,2025-02-10
I1642,baby,Pelpo,17.25,2024-09-30
I1643,baby,Belsa,9.77,2025-03-17
I1644,baby,Tamfi,14.62,2024-11-18
I1645,baby,Yorwa,14.54,2025-01-27
I1646,baby,Belsa,6.43,2024-12-23
I1647,baby,Wesda,8.56,2024-10-28
I1648,baby,Pelpo,11.1,2024-09-16
I1649,baby,Belsa,15.94,2024-09-09
I1650,baby,Pelpo,15.61,2024-12-02
I1651,baby,Yorwa,12.5,2024-12-30
I1652,baby,Wesda,16.18,2024-10-28
I1653,baby,Yorwa,6.59,2024-12-16
I1654,baby,Norze,13.83,2025-03-24
I1655,baby,Quinpo,9.23,2024-12-02
I1656,baby,Belsa,34.15,2024-10-14
I1657,baby,Wesda,14.41,2024-12-23
I1658,baby,Quinpo,14.76,2024-09-16
I1659,baby,Wesda,8.18,2024-11-11
I1660,baby,Norze,9.87,2024-12-02
I1661,baby,Tamfi,10.47,2024-09-30
I1662,baby,Jovze,21.94,2024-09-16
I1663,baby,Norze,11.7,2024-09-02
I1664,baby,Jovze,18.16,2024-10-21
I1665,baby,Yorwa,7.52,2025-03-24
I1666,baby,Belsa,14.57,2024-10-28
I1667,baby,Wesda,18.07,2024-12-16
I1668,baby,Norze,18.21,2024-10-28
I1669,baby,Tamfi,11.65,2025-01-06
I1670,baby,Jovze,13.49,2024-08-19
I1671,baby,Belsa,17.81,2024-11-18
I1672,baby,Yorwa,13.21,2024-12-30
I1673,baby,Jovze,12.78,2024-09-09
I1674,baby,Tamfi,18.23,2024-10-07
I1675,baby,Wesda,14.16,2025-02-17
I1676,baby,Norze,8.35,2024-08-26
I1677,baby,Wesda,5.75,2024-08-19
I1678,baby,Tamfi,6.19,2024-08-26
I1679,baby,Tamfi,10.24,2024-11-25
I1680,baby,Wesda,20.91,2024-10-21
I1681,baby,Norze,10.06,2024-12-09
I1682,baby,Wesda,7.42,2024-09-16
I1683,baby,Belsa,13.03,2025-03-03
I1684,baby,Norze,16.21,2025-03-17
I1685,baby,Tamfi,21.24,2024-10-28
I1686,baby,Belsa,12.31,2025-03-03
I1687,baby,Belsa,7.54,2024-10-28
I1688,baby,Belsa,11.31,2024-12-09
I1689,baby,Pelpo,10.44,2024-12-16
I1690,baby,Belsa,12.59,2025-01-20
I1691,baby,Pelpo,18.94,2024-10-21
I1692,baby,Belsa,9.77,2024-08-19
I1693,baby,Jovze,5.44,2024-09-23
I1694,baby,Yorwa,17.55,2024-11-04
I1695,baby,Belsa,11.74,2024-12-30
I1696,baby,Yorwa,11.63,2024-11-25
I1697,baby,Pelpo,13.03,2024-12-23
I1698,baby,Wesda,13.99,2024-08-26
I1699,baby,Tamfi,9.42,2025-03-17
I1700,baby,Jovze,10.76,2025-02-17
I1701,pet-supplies,Danze,7.68,2024-12-30
I1702,pet-supplies,Solba,8.18,2024-10-07
I1703,pet-supplies,Raspo,9.15,2025-01-06
I1704,pet-supplies,Danze,15.44,2024-12-02
I1705,pet-supplies,Halgo,11.61,2025-01-06
I1706,pet-supplies,Garri,8.73,2024-10-14
I1707,pet-supplies,Pelna,8.24,2024-11-04
I1708,pet-supplies,Solba,11.37,2024-10-07
I1709,pet-supplies,Halgo,8.38,2024-12-16
I1710,pet-supplies,Yorri,8.89,2024-12-02
I1711,pet-supplies,Danze,11.34,2024-12-02
I1712,pet-supplies,Belli,12.26,2024-09-02
I1713,pet-supplies,Halgo,12.0,2024-12-02
I1714,pet-supplies,Yorri,7.98,2025-03-10
I1715,pet-supplies,Pelna,8.3,2024-12-09
I1716,pet-supplies,Belli,4.87,2024-08-19
I1717,pet-supplies,Danze,4.4,2024-12-16
I1718,pet-supplies,Danze,15.78,2024-10-21
I1719,pet-supplies,Solba,8.84,2024-10-14
I1720,pet-supplies,Halgo,5.73,2024-11-04
I1721,pet-supplies,Belli,6.3,2024-11-11
I1722,pet-supplies,Yorri,6.85,2024-08-26
I1723,pet-supplies,Raspo,18.34,2024-08-19
I1724,pet-supplies,Yorri,8.73,2024-11-25
I1725,pet-supplies,Raspo,5.48,2024-09-30
I1726,pet-supplies,Danze,11.63,2024-08-19
I1727,pet-supplies,Danze,4.29,2024-09-16
I1728,pet-supplies,Belli,5.18,2024-12-23
I1729,pet-supplies,Pelna,7.88,2024-09-23
I1730,pet-supplies,Belli,12.27,2024-10-28
I1731,pet-supplies,Danze,17.95,2024-09-02
I1732,pet-supplies,Halgo,10.1,2024-10-14
I1733,pet-supplies,Danze,7.54,2024-09-23
I1734,pet-supplies,Raspo,8.26,2025-03-24
I1735,pet-supplies,Solba,4.79,2024-09-02
I1736,pet-supplies,Solba,8.21,2024-10-28
I1737,pet-supplies,Solba,7.66,2025-01-06
I1738,pet-supplies,Halgo,7.4,2024-12-09
I1739,pet-supplies,Halgo,7.03,2024-09-30
I1740,pet-supplies,Garri,10.14,2025-02-24
I1741,pet-supplies,Raspo,12.15,2024-10-14
I1742,pet-supplies,Raspo,8.86,2025-01-06
I1743,pet-supplies,Yorri,10.5,2024-11-18
I1744,pet-supplies,Garri,9.71,2024-09-09
I1745,pet-supplies,Garri,7.26,2024-08-26
I1746,pet-supplies,Danze,6.32,2024-11-18
I1747,pet-supplies,Yorri,7.83,2024-11-25
I1748,pet-supplies,Danze,6.93,2025-01-06
I1749,pet-supplies,Yorri,8.84,2024-10-28
I1750,pet-supplies,Garri,12.61,2024-12-09
I1751,pet-supplies,Yorri,20.27,2025-01-20
I1752,pet-supplies,Raspo,7.17,2025-02-17
I1753,pet-supplies,Solba,15.48,2024-11-18
I1754,pet-supplies,Solba,12.24,2024-10-21
I1755,pet-supplies,Pelna,13.41,2025-02-24
I1756,pet-supplies,Halgo,10.72,2024-11-04
I1757,pet-supplies,Yorri,7.05,2024-10-28
I1758,pet-supplies,Raspo,11.86,2024-09-09
I1759,pet-supplies,Pelna,8.17,2024-09-02
I1760,pet-supplies,Belli,9.5,2025-01-13
I1761,pet-supplies,Solba,9.95,2024-09-09
I1762,pet-supplies,Danze,9.93,2024-09-23
I1763,pet-supplies,Garri,11.88,2024-12-23
I1764,pet-supplies,Solba,5.65,2024-12-23
I1765,pet-supplies,Belli,8.92,2025-03-10
I1766,pet-supplies,Solba,7.88,2024-09-02
I1767,pet-supplies,Danze,9.17,2024-10-21
I1768,pet-supplies,Belli,8.76,2024-10-28
I1769,pet-supplies,Solba,12.67,2024-11-18
I1770,pet-supplies,Raspo,12.78,2025-01-13
I1771,pet-supplies,Solba,7.41,2024-11-18
I1772,pet-supplies,Belli,7.8,2024-12-16
I1773,pet-supplies,Pelna,8.11,2025-02-03
I1774,pet-supplies,Raspo,12.86,2024-10-21
I1775,pet-supplies,Pelna,5.86,2024-10-21
I1776,pet-supplies,Pelna,18.47,2024-12-30
I1777,pet-supplies,Pelna,7.72,2024-08-26
I1778,pet-supplies,Solba,11.35,2024-10-28
I1779,pet-supplies,Belli,11.37,2024-12-16
I1780,pet-supplies,Raspo,5.19,2024-09-30
I1781,pet-supplies,Yorri,13.37,2024-12-16
I1782,pet-supplies,Solba,4.62,2024-12-16
I1783,pet-supplies,Belli,8.22,2024-09-16
I1784,pet-supplies,Yorri,11.01,2024-11-11
I1785,pet-supplies,Danze,11.14,2024-09-09
I1786,pet-supplies,Pelna,4.27,2025-01-13
I1787,pet-supplies,Belli,11.69,2024-11-25
I1788,pet-supplies,Pelna,5.49,2024-11-11
I1789,pet-supplies,Raspo,5.92,2024-09-23
I1790,pet-supplies,Belli,9.82,2024-08-26
I1791,pet-supplies,Danze,7.34,2024-11-18
I1792,pet-supplies,Belli,3.6,2024-08-19
I1793,pet-supplies,Halgo,6.99,2024-10-14
I1794,pet-supplies,Pelna,6.2,2024-12-02
I1795,pet-supplies,Raspo,6.74,2024-09-16
I1796,pet-supplies,Belli,16.93,2024-11-11
I1797,pet-supplies,Danze,9.65,2024-09-23
I1798,pet-supplies,Raspo,12.5,2024-10-21
I1799,pet-supplies,Danze,6.97,2024-12-30
I1800,pet-supplies,Garri,8.71,2024-09-23
I1801,household-cleaning,Norli,5.84,2024-12-30
I1802,household-cleaning,Yorsa,4.7,2024-12-23
I1803,household-cleaning,Belri,8.51,2024-09-23
I1804,household-cleaning,Lumwa,7.71,2024-09-16
I1805,household-cleaning,Yorsa,3.8,2025-02-03
I1806,household-cleaning,Halri,3.67,2024-12-23
I1807,household-cleaning,Yorsa,8.88,2025-01-13
I1808,household-cleaning,Belri,9.99,2024-08-19
I1809,household-cleaning,Lumwa,5.93,2024-12-09
I1810,household-cleaning,Belri,4.33,2024-09-09
I1811,household-cleaning,Fenze,4.7,2024-09-23
I1812,household-cleaning,Belri,6.28,2025-03-24
I1813,household-cleaning,Fenze,4.96,2024-10-28
I1814,household-cleaning,Urri,5.37,2024-12-23
I1815,household-cleaning,Norli,4.13,2024-09-02
I1816,household-cleaning,Urri,4.46,2025-03-17
I1817,household-cleaning,Yorgo,4.2,2024-11-18
I1818,household-cleaning,Norli,5.39,2024-12-30
I1819,household-cleaning,Halri,6.54,2025-03-03
I1820,household-cleaning,Halri,5.72,2024-12-23
I1821,household-cleaning,Yorsa,4.16,2024-10-07
I1822,household-cleaning,Fenze,4.84,2024-10-07
I1823,household-cleaning,Halri,4.17,2024-12-09
I1824,household-cleaning,Yorgo,5.87,2024-10-14
I1825,household-cleaning,Yorgo,5.71,2024-10-28
I1826,household-cleaning,Yorgo,6.07,2024-11-25
I1827,household-cleaning,Yorsa,6.83,2025-01-06
I1828,household-cleaning,Yorgo,5.22,2024-12-09
I1829,household-cleaning,Urri,8.31,2024-11-04
I1830,household-cleaning,Lumwa,6.9,2024-12-23
I1831,household-cleaning,Lumwa,4.1,2024-09-23
I1832,household-cleaning,Lumwa,5.7,2025-03-10
I1833,household-cleaning,Fenze,4.44,2024-08-26
I1834,household-cleaning,Urri,5.48,2024-08-19
I1835,household-cleaning,Lumwa,6.45,2024-10-28
I1836,household-cleaning,Yorgo,4.54,2024-08-26
I1837,household-cleaning,Halri,6.01,2024-09-16
I1838,household-cleaning,Norli,5.3,2024-08-26
I1839,household-cleaning,Yorgo,6.21,2025-01-13
I1840,household-cleaning,Belri,3.75,2025-02-24
I1841,household-cleaning,Lumwa,4.29,2024-09-02
I1842,household-cleaning,Belri,9.27,2024-09-16
I1843,household-cleaning,Norli,3.7,2024-12-02
I1844,household-cleaning,Belri,4.94,2024-09-23
I1845,household-cleaning,Fenze,7.59,2024-12-09
I1846,household-cleaning,Norli,5.94,2024-10-07
I1847,household-cleaning,Yorgo,4.99,2024-10-07
I1848,household-cleaning,Norli,6.94,2024-11-11
I1849,household-cleaning,Urri,5.52,2024-11-18
I1850,household-cleaning,Yorgo,4.02,2024-12-02
I1851,household-cleaning,Belri,8.34,2024-10-14
I1852,household-cleaning,Fenze,7.39,2024-12-02
I1853,household-cleaning,Lumwa,5.78,2024-10-21
I1854,household-cleaning,Halri,3.49,2024-09-23
I1855,household-cleaning,Norli,5.46,2024-09-09
I1856,household-cleaning,Urri,7.04,2024-11-04
I1857,household-cleaning,Norli,4.1,2025-01-13
I1858,household-cleaning,Fenze,3.54,2024-08-19
I1859,household-cleaning,Fenze,5.23,2025-01-06
I1860,household-cleaning,Yorgo,5.63,2024-10-21
I1861,household-cleaning,Lumwa,6.93,2024-09-09
I1862,household-cleaning,Yorsa,4.84,2024-12-02
I1863,household-cleaning,Norli,5.33,2024-11-04
I1864,household-cleaning,Halri,4.6,2024-12-30
I1865,household-cleaning,Yorsa,6.91,2025-03-17
I1866,household-cleaning,Fenze,4.11,2024-11-11
I1867,household-cleaning,Fenze,10.66,2024-12-30
I1868,household-cleaning,Yorgo,5.93,2024-09-23
I1869,household-cleaning,Fenze,3.41,2024-12-30
I1870,household-cleaning,Lumwa,5.59,2024-08-19
I1871,household-cleaning,Norli,5.97,2024-12-02
I1872,household-cleaning,Urri,5.59,2024-08-19
I1873,household-cleaning,Norli,8.54,2025-03-24
I1874,household-cleaning,Halri,5.23,2024-11-25
I1875,household-cleaning,Fenze,5.24,2024-12-30
I1876,household-cleaning,Halri,4.03,2024-08-19
I1877,household-cleaning,Belri,3.6,2024-10-21
I1878,household-cleaning,Urri,8.98,2025-03-24
I1879,household-cleaning,Yorgo,4.91,2024-12-23
I1880,household-cleaning,Norli,3.33,2024-10-28
I1881,household-cleaning,Belri,6.5,2024-09-09
I1882,household-cleaning,Norli,5.33,2024-12-02
I1883,household-cleaning,Yorsa,6.11,2024-11-25
I1884,household-cleaning,Norli,7.09,2025-02-24
I1885,household-cleaning,Belri,10.18,2024-11-11
I1886,household-cleaning,Yorsa,3.78,2024-09-23
I1887,household-cleaning,Fenze,4.16,2024-11-04
I1888,household-cleaning,Yorsa,6.25,2024-12-16
I1889,household-cleaning,Yorgo,8.89,2024-09-23
I1890,household-cleaning,Urri,3.13,2024-09-16
I1891,household-cleaning,Fenze,5.68,2024-12-09
I1892,household-cleaning,Norli,6.16,2025-02-03
I1893,household-cleaning,Belri,8.89,2024-11-18
I1894,household-cleaning,Yorsa,8.31,2024-12-23
I1895,household-cleaning,Halri,5.55,2024-09-23
I1896,household-cleaning,Halri,3.97,2025-03-03
I1897,household-cleaning,Fenze,9.96,2024-08-19
I1898,household-cleaning,Halri,9.08,2024-12-02
I1899,household-cleaning,Lumwa,13.2,2024-10-14
I1900,household-cleaning,Yorgo,9.23,2024-11-04
I1901,laundry,Normo,4.0,2024-11-04
I1902,laundry,Normo,6.84,2024-09-16
I1903,laundry,Normo,9.4,2024-12-30
I1904,laundry,Marka,6.23,2025-01-06
I1905,laundry,Rasba,10.68,2024-10-21
I1906,laundry,Solka,9.09,2024-09-02
I1907,laundry,Normo,4.0,2024-09-23
I1908,laundry,Solka,6.32,2024-09-30
I1909,laundry,Zanmo,6.31,2024-09-09
I1910,laundry,Rasda,10.06,2024-11-18
I1911,laundry,Normo,4.0,2024-11-25
I1912,laundry,Solka,9.43,2024-12-09
I1913,laundry,Marka,8.78,2024-08-19
I1914,laundry,Rasda,9.76,2024-12-30
I1915,laundry,Rasba,11.17,2024-10-14
I1916,laundry,Zanmo,5.55,2024-09-16
I1917,laundry,Solka,10.24,2024-12-02
I1918,laundry,Rasba,10.99,2024-10-07
I1919,laundry,Rasda,11.15,2024-09-30
I1920,laundry,Velka,11.15,2024-08-26
I1921,laundry,Normo,10.91,2024-12-30
I1922,laundry,Zanmo,7.48,2025-02-24
I1923,laundry,Normo,8.82,2024-09-09
I1924,laundry,Rasda,8.69,2024-11-25
I1925,laundry,Rasba,9.84,2024-09-09
I1926,laundry,Rasda,8.2,2024-12-09
I1927,laundry,Rasba,5.99,2024-11-04
I1928,laundry,Marka,8.61,2025-02-03
I1929,laundry,Velka,13.1,2024-12-30
I1930,laundry,Zanmo,14.22,2024-11-04
I1931,laundry,Rasda,15.27,2024-11-25
I1932,laundry,Zanmo,10.43,2024-11-18
I1933,laundry,Velka,7.24,2024-10-14
I1934,laundry,Rasda,7.19,2024-09-30
I1935,laundry,Solka,6.43,2025-03-17
I1936,laundry,Normo,6.68,2025-01-06
I1937,laundry,Normo,5.58,2024-10-21
I1938,laundry,Normo,8.52,2024-09-23
I1939,laundry,Solka,8.82,2024-09-30
I1940,laundry,Normo,7.6,2024-09-02
I1941,laundry,Velka,6.2,2024-08-19
I1942,laundry,Solka,7.09,2024-12-30
I1943,laundry,Zanmo,7.4,2024-09-23
I1944,laundry,Normo,20.0,2024-09-16
I1945,laundry,Normo,10.32,2024-11-25
I1946,laundry,Marka,10.63,2025-01-20
I1947,laundry,Solka,12.76,2024-11-11
I1948,laundry,Normo,9.36,2024-12-23
I1949,laundry,Tamna,10.56,2024-09-16
I1950,laundry,Normo,7.09,2024-12-30
I1951,laundry,Velka,11.56,2024-12-23
I1952,laundry,Normo,8.85,2025-01-27
I1953,laundry,Zanmo,15.93,2024-08-26
I1954,laundry,Tamna,7.9,2024-12-30
I1955,laundry,Rasba,6.01,2024-09-23
I1956,laundry,Rasba,16.51,2025-02-10
I1957,laundry,Solka,8.12,2024-09-30
I1958,laundry,Tamna,5.59,2024-12-23
I1959,laundry,Velka,4.0,2024-09-02
I1960,laundry,Rasda,8.52,2024-08-26
I1961,laundry,Normo,12.03,2025-03-17
I1962,laundry,Zanmo,11.76,2024-10-07
I1963,laundry,Marka,6.68,2024-12-02
I1964,laundry,Solka,4.37,2024-12-09
I1965,laundry,Rasda,7.88,2024-12-30
I1966,laundry,Velka,8.69,2024-12-23
I1967,laundry,Rasba,9.05,2024-12-23
I1968,laundry,Rasba,5.81,2025-01-13
I1969,laundry,Zanmo,5.71,2024-11-18
I1970,laundry,Zanmo,10.95,2024-10-14
I1971,laundry,Rasba,7.3,2024-11-04
I1972,laundry,Marka,5.6,2024-08-19
I1973,laundry,Marka,5.08,2024-10-28
I1974,laundry,Normo,7.83,2024-12-02
I1975,laundry,Tamna,10.02,2024-08-26
I1976,laundry,Marka,12.82,2024-12-09
I1977,laundry,Rasba,4.0,2024-11-18
I1978,laundry,Rasba,13.91,2024-11-18
I1979,laundry,Rasba,9.11,2024-10-21
I1980,laundry,Rasba,7.98,2024-12-02
I1981,laundry,Marka,7.16,2025-01-06
I1982,laundry,Velka,8.81,2025-02-03
I1983,laundry,Solka,6.15,2024-09-09
I1984,laundry,Rasba,8.36,2024-11-25
I1985,laundry,Rasba,6.79,2024-10-14
I1986,laundry,Velka,12.34,2024-12-09
I1987,laundry,Rasba,13.11,2024-11-25
I1988,laundry,Rasda,5.54,2024-12-02
I1989,laundry,Rasda,16.24,2025-01-20
I1990,laundry,Normo,11.92,2024-10-07
I1991,laundry,Normo,12.3,2024-10-07
I1992,laundry,Zanmo,11.37,2024-10-07
I1993,laundry,Tamna,14.98,2024-12-09
I1994,laundry,Velka,7.51,2024-09-02
I1995,laundry,Velka,4.69,2025-02-24
I1996,laundry,Rasba,13.56,2024-11-11
I1997,laundry,Velka,10.95,2024-11-11
I1998,laundry,Velka,6.78,2024-12-23
I1999,laundry,Rasda,8.87,2024-12-30
I2000,laundry,Velka,12.6,2025-03-03
I2001,paper-goods,Marda,16.25,2024-08-19
I2002,paper-goods,Kelgo,9.64,2024-11-25
I2003,paper-goods,Marda,7.16,2024-11-18
I2004,paper-goods,Marda,7.17,2024-10-07
I2005,paper-goods,Marda,8.74,2025-02-17
I2006,paper-goods,Danna,12.39,2025-01-13
I2007,paper-goods,Marda,10.32,2024-12-16
I2008,paper-goods,Norpo,9.7,2024-10-07
I2009,paper-goods,Rasfi,12.24,2024-10-07
I2010,paper-goods,Danna,3.65,2024-12-23
I2011,paper-goods,Norfi,5.01,2024-09-30
I2012,paper-goods,Kelgo,8.65,2024-09-30
I2013,paper-goods,Danna,5.81,2024-11-11
I2014,paper-goods,Rasfi,7.17,2025-03-17
I2015,paper-goods,Marda,9.66,2025-01-06
I2016,paper-goods,Norfi,6.53,2024-10-14
I2017,paper-goods,Kelgo,4.86,2024-12-23
I2018,paper-goods,Zanba,14.93,2024-12-02
I2019,paper-goods,Marda,8.38,2024-09-02
I2020,paper-goods,Norfi,8.54,2024-12-09
I2021,paper-goods,Marda,5.88,2024-11-18
I2022,paper-goods,Rasfi,7.94,2024-11-25
I2023,paper-goods,Zanba,14.35,2024-11-11
I2024,paper-goods,Danna,11.12,2024-11-25
I2025,paper-goods,Marda,8.95,2024-09-30
I2026,paper-goods,Danna,11.45,2024-10-28
I2027,paper-goods,Kelgo,4.92,2024-10-28
I2028,paper-goods,Urba,10.42,2024-09-23
I2029,paper-goods,Zanba,3.43,2025-03-24
I2030,paper-goods,Marda,5.39,2024-10-28
I2031,paper-goods,Marda,6.93,2024-09-30
I2032,paper-goods,Norfi,6.55,2025-02-10
I2033,paper-goods,Kelgo,9.93,2024-09-16
I2034,paper-goods,Urba,16.09,2025-01-06
I2035,paper-goods,Rasfi,8.98,2024-08-19
I2036,paper-goods,Norfi,6.57,2024-11-18
I2037,paper-goods,Rasfi,5.46,2024-10-14
I2038,paper-goods,Zanba,11.98,2025-01-20
I2039,paper-goods,Zanba,6.34,2024-11-04
I2040,paper-goods,Norfi,11.06,2024-12-23
I2041,paper-goods,Norfi,5.95,2024-12-23
I2042,paper-goods,Norfi,7.25,2024-09-09
I2043,paper-goods,Marda,9.54,2025-01-27
I2044,paper-goods,Rasfi,4.77,2025-03-24
I2045,paper-goods,Norpo,6.81,2024-11-04
I2046,paper-goods,Marda,9.47,2024-09-09
I2047,paper-goods,Urba,10.25,2024-09-30
I2048,paper-goods,Marda,12.32,2024-08-26
I2049,paper-goods,Zanba,8.04,2024-11-04
I2050,paper-goods,Urba,6.68,2024-12-16
I2051,paper-goods,Norfi,16.86,2025-01-27
I2052,paper-goods,Norpo,3.93,2025-01-06
I2053,paper-goods,Marda,16.32,2024-12-23
I2054,paper-goods,Zanba,9.49,2025-03-03
I2055,paper-goods,Urba,10.96,2024-08-26
I2056,paper-goods,Zanba,5.86,2024-10-07
I2057,paper-goods,Norpo,11.33,2024-09-23
I2058,paper-goods,Kelgo,8.33,2025-01-27
I2059,paper-goods,Norfi,7.69,2024-09-09
I2060,paper-goods,Norfi,9.68,2024-12-30
I2061,paper-goods,Norfi,10.13,2024-09-30
I2062,paper-goods,Rasfi,9.83,2024-10-14
I2063,paper-goods,Rasfi,8.11,2024-08-19
I2064,paper-goods,Norpo,6.16,2024-10-14
I2065,paper-goods,Norfi,9.13,2024-11-25
I2066,paper-goods,Zanba,5.81,2025-03-24
I2067,paper-goods,Norpo,6.91,2024-12-30
I2068,paper-goods,Rasfi,8.86,2024-11-25
I2069,paper-goods,Rasfi,10.43,2024-11-25
I2070,paper-goods,Danna,3.0,2024-09-23
I2071,paper-goods,Zanba,14.34,2025-02-17
I2072,paper-goods,Urba,5.58,2025-03-17
I2073,paper-goods,Norfi,7.18,2024-11-18
I2074,paper-goods,Marda,4.48,2024-12-16
I2075,paper-goods,Rasfi,11.21,2024-12-09
I2076,paper-goods,Urba,8.49,2024-09-02
I2077,paper-goods,Rasfi,12.86,2024-12-23
I2078,paper-goods,Kelgo,5.04,2025-01-06
I2079,paper-goods,Norfi,6.7,2024-12-30
I2080,paper-goods,Danna,12.74,2024-09-02
I2081,paper-goods,Danna,6.88,2024-12-02
I2082,paper-goods,Marda,6.05,2025-03-10
I2083,paper-goods,Norpo,9.02,2024-10-21
I2084,paper-goods,Norpo,4.7,2024-10-14
I2085,paper-goods,Zanba,7.44,2024-11-25
I2086,paper-goods,Urba,7.27,2024-11-25
I2087,paper-goods,Kelgo,12.05,2024-10-21
I2088,paper-goods,Marda,6.56,2024-10-28
I2089,paper-goods,Kelgo,13.8,2024-11-04
I2090,paper-goods,Rasfi,11.63,2024-09-23
I2091,paper-goods,Urba,4.44,2024-11-04
I2092,paper-goods,Zanba,6.62,2024-11-25
I2093,paper-goods,Norpo,7.02,2024-12-16
I2094,paper-goods,Norpo,6.83,2024-09-23
I2095,paper-goods,Kelgo,12.5,2025-03-03
I2096,paper-goods,Norpo,11.3,2024-10-14
I2097,paper-goods,Kelgo,5.58,2024-09-16
I2098,paper-goods,Norpo,5.36,2025-01-06
I2099,paper-goods,Norfi,18.38,2024-08-26
I2100,paper-goods,Marda,8.96,2024-10-07
I2101,personal-care,Velwa,4.62,2024-12-02
I2102,personal-care,Jovli,4.31,2024-11-18
I2103,personal-care,Belvo,3.09,2024-09-16
I2104,personal-care,Danti,3.54,2025-01-27
I2105,personal-care,Belvo,7.04,2024-10-14
I2106,personal-care,Danti,4.9,2024-09-09
I2107,personal-care,Alri,3.71,2024-08-26
I2108,personal-care,Alri,4.93,2024-12-30
I2109,personal-care,Alri,4.69,2024-12-02
I2110,personal-care,Danri,6.66,2024-12-30
I2111,personal-care,Wessa,5.93,2025-02-03
I2112,personal-care,Danri,5.71,2024-12-02
I2113,personal-care,Jovli,8.1,2024-08-19
I2114,personal-care,Danri,5.57,2024-11-18
I2115,personal-care,Velwa,5.36,2024-12-23
I2116,personal-care,Belvo,5.83,2025-01-06
I2117,personal-care,Danri,4.35,2024-12-09
I2118,personal-care,Danri,6.76,2024-12-09
I2119,personal-care,Wessa,5.63,2024-10-14
I2120,personal-care,Belvo,4.95,2025-01-27
I2121,personal-care,Alri,8.17,2024-10-14
I2122,personal-care,Alri,5.71,2024-09-16
I2123,personal-care,Danti,6.48,2024-12-16
I2124,personal-care,Kelka,6.41,2024-09-16
I2125,personal-care,Kelka,9.83,2024-10-21
I2126,personal-care,Velwa,8.58,2024-08-19
I2127,personal-care,Danri,4.4,2024-12-30
I2128,personal-care,Belvo,6.14,2025-01-27
I2129,personal-care,Alri,7.46,2024-09-16
I2130,personal-care,Kelka,3.49,2024-09-30
I2131,personal-care,Danti,7.01,2024-12-30
I2132,personal-care,Danri,8.71,2024-08-26
I2133,personal-care,Jovli,6.45,2024-10-14
I2134,personal-care,Kelka,6.31,2024-09-23
I2135,personal-care,Danri,5.48,2024-12-09
I2136,personal-care,Kelka,4.56,2024-12-16
I2137,personal-care,Belvo,4.53,2024-10-14
I2138,personal-care,Alri,5.89,2024-09-23
I2139,personal-care,Belvo,4.67,2024-11-18
I2140,personal-care,Velwa,10.88,2024-10-14
I2141,personal-care,Jovli,5.14,2024-10-21
I2142,personal-care,Jovli,3.07,2025-02-10
I2143,personal-care,Danti,10.4,2024-10-21
I2144,personal-care,Jovli,10.05,2024-11-18
I2145,personal-care,Velwa,8.78,2024-11-11
I2146,personal-care,Wessa,4.56,2024-09-02
I2147,personal-care,Belvo,5.0,2024-10-14
I2148,personal-care,Jovli,7.36,2024-12-09
I2149,personal-care,Velwa,9.32,2025-03-24
I2150,personal-care,Wessa,3.64,2024-10-28
I2151,personal-care,Danri,8.38,2025-02-03
I2152,personal-care,Danri,4.42,2025-02-03
I2153,personal-care,Belvo,5.91,2025-01-13
I2154,personal-care,Wessa,3.64,2024-11-11
I2155,personal-care,Belvo,7.64,2024-09-02
I2156,personal-care,Velwa,9.45,2024-08-19
I2157,personal-care,Jovli,7.23,2024-08-26
I2158,personal-care,Danti,7.75,2025-02-10
I2159,personal-care,Danri,4.6,2024-12-23
I2160,personal-care,Wessa,8.39,2025-02-03
I2161,personal-care,Wessa,5.19,2024-08-19
I2162,personal-care,Wessa,5.96,2024-09-02
I2163,personal-care,Danti,9.02,2025-03-03
I2164,personal-care,Belvo,4.42,2024-11-18
I2165,personal-care,Belvo,5.9,2024-12-30
I2166,personal-care,Jovli,5.17,2025-02-24
I2167,personal-care,Danri,4.23,2025-03-24
I2168,personal-care,Wessa,9.6,2024-09-30
I2169,personal-care,Jovli,3.06,2024-09-30
I2170,personal-care,Kelka,4.81,2024-12-02
I2171,personal-care,Jovli,5.33,2024-10-14
I2172,personal-care,Belvo,5.72,2024-09-16
I2173,personal-care,Belvo,3.27,2024-09-23
I2174,personal-care,Danti,9.59,2025-03-17
I2175,personal-care,Danri,6.36,2024-11-18
I2176,personal-care,Alri,3.69,2024-08-26
I2177,personal-care,Jovli,5.57,2024-11-11
I2178,personal-care,Velwa,4.15,2024-10-07
I2179,personal-care,Kelka,6.26,2024-09-09
I2180,personal-care,Velwa,9.0,2024-11-04
I2181,personal-care,Danti,8.03,2024-11-18
I2182,personal-care,Jovli,5.99,2024-10-28
I2183,personal-care,Danri,3.54,2024-11-18
I2184,personal-care,Wessa,6.19,2024-12-30
I2185,personal-care,Kelka,5.52,2024-10-28
I2186,personal-care,Kelka,5.16,2025-03-03
I2187,personal-care,Kelka,5.97,2024-08-26
I2188,personal-care,Kelka,2.78,2025-02-17
I2189,personal-care,Alri,3.86,2024-12-09
I2190,personal-care,Alri,6.85,2025-01-20
I2191,personal-care,Wessa,7.28,2024-10-28
I2192,personal-care,Alri,5.92,2025-03-17
I2193,personal-care,Danri,4.69,2024-12-23
I2194,personal-care,Wessa,6.14,2024-12-02
I2195,personal-care,Wessa,5.59,2024-11-04
I2196,personal-care,Kelka,6.3,2024-10-07
I2197,personal-care,Jovli,13.63,2024-09-16
I2198,personal-care,Kelka,6.78,2024-09-16
I2199,personal-care,Jovli,6.99,2025-01-06
I2200,personal-care,Kelka,3.65,2024-09-02
I2201,oral-care,Zansa,2.88,2024-09-16
I2202,oral-care,Solvo,7.27,2024-10-07
I2203,oral-care,Urna,5.17,2024-12-09
I2204,oral-care,Garna,5.13,2024-09-30
I2205,oral-care,Fenwa,4.74,2024-12-09
I2206,oral-care,Urna,8.07,2024-09-23
I2207,oral-care,Fenwa,2.27,2024-09-16
I2208,oral-care,Fenwa,5.2,2024-11-11
I2209,oral-care,Solfi,8.26,2025-01-13
I2210,oral-care,Zango,5.53,2024-11-04
I2211,oral-care,Solvo,6.02,2024-10-07
I2212,oral-care,Urna,5.08,2024-12-16
I2213,oral-care,Solvo,3.55,2024-09-02
I2214,oral-care,Fenwa,2.0,2024-09-30
I2215,oral-care,Solvo,5.07,2024-08-19
I2216,oral-care,Urna,5.37,2024-11-11
I2217,oral-care,Halka,7.57,2024-11-18
I2218,oral-care,Solvo,3.02,2025-03-03
I2219,oral-care,Fenwa,6.08,2024-09-02
I2220,oral-care,Halka,5.2,2025-03-03
I2221,oral-care,Urna,4.46,2024-09-09
I2222,oral-care,Solvo,3.26,2024-12-09
I2223,oral-care,Zango,5.31,2025-01-06
I2224,oral-care,Urna,3.19,2025-03-24
I2225,oral-care,Zansa,6.34,2025-03-10
I2226,oral-care,Zansa,6.36,2025-02-24
I2227,oral-care,Halka,8.01,2024-10-14
I2228,oral-care,Zansa,7.47,2024-08-26
I2229,oral-care,Solfi,3.64,2024-10-14
I2230,oral-care,Solfi,3.87,2024-12-02
I2231,oral-care,Halka,4.57,2024-12-30
I2232,oral-care,Halka,4.9,2024-11-18
I2233,oral-care,Halka,8.11,2024-09-30
I2234,oral-care,Garna,4.11,2024-12-30
I2235,oral-care,Solvo,5.76,2024-11-25
I2236,oral-care,Zansa,4.85,2025-02-03
I2237,oral-care,Urna,6.9,2024-12-09
I2238,oral-care,Zansa,7.26,2024-12-30
I2239,oral-care,Fenwa,3.39,2024-11-18
I2240,oral-care,Fenwa,3.38,2024-11-18
I2241,oral-care,Garna,5.01,2024-10-14
I2242,oral-care,Fenwa,5.25,2024-10-07
I2243,oral-care,Halka,3.52,2024-08-19
I2244,oral-care,Zansa,3.1,2024-11-25
I2245,oral-care,Zansa,3.7,2025-03-10
I2246,oral-care,Zansa,4.49,2024-08-19
I2247,oral-care,Zango,8.45,2024-12-23
I2248,oral-care,Zango,6.83,2024-10-07
I2249,oral-care,Zansa,9.46,2024-10-07
I2250,oral-care,Fenwa,5.84,2024-11-18
I2251,oral-care,Solvo,9.33,2025-03-17
I2252,oral-care,Fenwa,6.35,2025-01-27
I2253,oral-care,Fenwa,4.18,2024-11-11
I2254,oral-care,Urna,3.15,2024-10-14
I2255,oral-care,Garna,3.86,2025-03-24
I2256,oral-care,Halka,3.87,2025-02-03
I2257,oral-care,Fenwa,6.85,2024-12-09
I2258,oral-care,Zansa,7.74,2024-10-14
I2259,oral-care,Zansa,3.71,2024-11-04
I2260,oral-care,Halka,6.08,2024-11-04
I2261,oral-care,Urna,3.94,2024-10-07
I2262,oral-care,Solvo,6.05,2024-10-28
I2263,oral-care,Zango,9.51,2024-11-18
I2264,oral-care,Zansa,5.81,2025-03-03
I2265,oral-care,Zansa,3.43,2024-12-23
I2266,oral-care,Zansa,6.27,2025-01-20
I2267,oral-care,Garna,5.66,2024-12-02
I2268,oral-care,Halka,6.42,2024-10-14
I2269,oral-care,Garna,5.99,2025-03-17
I2270,oral-care,Zango,3.71,2025-01-06
I2271,oral-care,Solvo,4.65,2024-09-09
I2272,oral-care,Urna,6.05,2024-09-02
I2273,oral-care,Solvo,4.36,2024-11-18
I2274,oral-care,Solvo,4.59,2024-12-02
I2275,oral-care,Urna,6.9,2024-08-26
I2276,oral-care,Zansa,5.08,2024-08-19
I2277,oral-care,Garna,5.8,2024-12-16
I2278,oral-care,Garna,5.29,2025-02-24
I2279,oral-care,Zango,4.37,2024-09-02
I2280,oral-care,Urna,3.5,2024-09-02
I2281,oral-care,Fenwa,6.55,2024-09-09
I2282,oral-care,Zango,5.78,2024-12-09
I2283,oral-care,Solvo,5.76,2024-10-07
I2284,oral-care,Solvo,3.51,2024-09-16
I2285,oral-care,Urna,5.37,2025-01-06
I2286,oral-care,Urna,8.36,2024-09-30
I2287,oral-care,Garna,4.84,2024-11-11
I2288,oral-care,Urna,5.41,2024-11-04
I2289,oral-care,Solvo,3.24,2024-10-07
I2290,oral-care,Halka,8.94,2024-09-30
I2291,oral-care,Halka,2.95,2025-03-24
I2292,oral-care,Halka,4.84,2024-08-26
I2293,oral-care,Garna,2.0,2025-01-20
I2294,oral-care,Zansa,2.79,2024-11-11
I2295,oral-care,Zansa,6.52,2025-01-06
I2296,oral-care,Zango,5.31,2024-09-16
I2297,oral-care,Halka,6.54,2024-11-18
I2298,oral-care,Solfi,6.3,2024-09-23
I2299,oral-care,Fenwa,4.97,2024-09-30
I2300,oral-care,Zango,4.36,2024-12-09
I2301,hair-care,Jovfi,8.47,2024-08-19
I2302,hair-care,Belmo,4.45,2024-11-18
I2303,hair-care,Gargo,7.09,2024-08-26
I2304,hair-care,Gargo,8.48,2024-11-11
I2305,hair-care,Jovba,5.06,2024-12-09
I2306,hair-care,Corsa,5.15,2024-09-30
I2307,hair-care,Jovfi,6.78,2024-08-26
I2308,hair-care,Jovfi,7.81,2024-11-04
I2309,hair-care,Rasna,4.86,2024-11-04
I2310,hair-care,Danvo,3.87,2024-09-23
I2311,hair-care,Gargo,4.86,2024-09-09
I2312,hair-care,Corsa,4.19,2024-09-09
I2313,hair-care,Jovna,16.0,2024-12-30
I2314,hair-care,Jovna,4.41,2024-09-02
I2315,hair-care,Jovfi,9.46,2024-08-19
I2316,hair-care,Corsa,12.91,2025-03-03
I2317,hair-care,Gargo,12.0,2025-01-06
I2318,hair-care,Corsa,4.73,2024-08-19
I2319,hair-care,Jovfi,7.27,2024-09-09
I2320,hair-care,Belmo,7.86,2025-02-03
I2321,hair-care,Corsa,6.28,2024-09-23
I2322,hair-care,Jovfi,11.29,2024-09-30
I2323,hair-care,Jovba,7.14,2024-09-09
I2324,hair-care,Jovna,9.97,2024-09-23
I2325,hair-care,Belmo,7.13,2024-09-09
I2326,hair-care,Jovba,7.86,2024-08-19
I2327,hair-care,Gargo,6.63,2024-12-23
I2328,hair-care,Jovfi,5.49,2024-12-23
I2329,hair-care,Rasna,7.46,2024-10-07
I2330,hair-care,Jovna,4.36,2024-12-02
I2331,hair-care,Jovna,8.67,2024-12-30
I2332,hair-care,Gargo,7.34,2024-12-02
I2333,hair-care,Belmo,6.7,2025-03-24
I2334,hair-care,Corsa,5.46,2024-12-23
I2335,hair-care,Gargo,7.0,2024-08-26
I2336,hair-care,Gargo,9.43,2024-11-25
I2337,hair-care,Corsa,11.33,2024-09-09
I2338,hair-care,Corsa,5.98,2024-10-28
I2339,hair-care,Gargo,5.39,2024-11-25
I2340,hair-care,Danvo,4.23,2024-10-28
I2341,hair-care,Belmo,10.22,2024-09-02
I2342,hair-care,Danvo,3.6,2024-08-19
I2343,hair-care,Jovfi,5.96,2024-10-07
I2344,hair-care,Jovna,4.94,2024-09-16
I2345,hair-care,Belmo,10.69,2025-03-17
I2346,hair-care,Jovba,8.27,2024-09-09
I2347,hair-care,Jovna,12.28,2024-12-23
I2348,hair-care,Gargo,5.64,2024-09-30
I2349,hair-care,Corsa,10.21,2024-11-25
I2350,hair-care,Rasna,10.61,2024-09-02
I2351,hair-care,Danvo,7.35,2024-11-25
I2352,hair-care,Jovna,5.37,2024-11-25
I2353,hair-care,Danvo,12.05,2024-09-16
I2354,hair-care,Danvo,7.59,2024-11-04
I2355,hair-care,Jovfi,8.0,2024-12-09
I2356,hair-care,Danvo,5.57,2024-11-25
I2357,hair-care,Rasna,6.73,2024-12-02
I2358,hair-care,Danvo,7.28,2024-09-30
I2359,hair-care,Jovfi,8.47,2024-12-23
I2360,hair-care,Gargo,10.86,2024-12-23
I2361,hair-care,Belmo,3.0,2024-09-09
I2362,hair-care,Danvo,7.43,2024-10-28
I2363,hair-care,Belmo,3.54,2024-12-09
I2364,hair-care,Corsa,4.62,2024-09-23
I2365,hair-care,Corsa,4.79,2025-01-06
I2366,hair-care,Jovfi,7.8,2024-08-19
I2367,hair-care,Jovba,5.68,2025-03-24
I2368,hair-care,Corsa,9.43,2024-12-30
I2369,hair-care,Belmo,10.78,2024-08-19
I2370,hair-care,Corsa,16.0,2024-12-16
I2371,hair-care,Danvo,6.73,2024-10-28
I2372,hair-care,Jovfi,10.0,2025-01-06
I2373,hair-care,Danvo,6.62,2024-11-11
I2374,hair-care,Corsa,9.71,2024-12-09
I2375,hair-care,Jovna,4.63,2025-01-13
I2376,hair-care,Gargo,14.38,2024-10-21
I2377,hair-care,Corsa,5.6,2024-12-09
I2378,hair-care,Jovba,5.87,2024-10-07
I2379,hair-care,Gargo,6.94,2024-12-02
I2380,hair-care,Rasna,9.53,2024-09-23
I2381,hair-care,Jovfi,9.59,2024-12-09
I2382,hair-care,Jovna,5.13,2024-09-16
I2383,hair-care,Corsa,9.95,2024-10-28
I2384,hair-care,Gargo,8.03,2024-11-11
I2385,hair-care,Corsa,4.35,2024-12-09
I2386,hair-care,Belmo,8.51,2024-08-19
I2387,hair-care,Jovfi,6.79,2025-01-06
I2388,hair-care,Belmo,8.14,2024-11-18
I2389,hair-care,Jovfi,4.27,2025-03-24
I2390,hair-care,Belmo,9.09,2025-03-24
I2391,hair-care,Corsa,8.26,2024-08-19
I2392,hair-care,Jovba,3.84,2024-12-30
I2393,hair-care,Gargo,7.3,2024-10-14
I2394,hair-care,Corsa,8.48,2025-02-10
I2395,hair-care,Jovfi,8.61,2025-01-06
I2396,hair-care,Jovba,3.36,2024-12-30
I2397,hair-care,Danvo,6.4,2024-08-26
I2398,hair-care,Danvo,5.92,2025-03-17
I2399,hair-care,Belmo,8.88,2024-09-09
I2400,hair-care,Jovna,3.1,2025-01-27
